encoder_id,species,probe,level,n_pos,n_neg,ap,ap_lo,ap_hi,ap_fold_mean,n_folds_ap,recall@p0.1_oracle,recall@p0.1,recall@p0.1_lo,recall@p0.1_hi,threshold@p0.1,recall@p0.5_oracle,recall@p0.5,recall@p0.5_lo,recall@p0.5_hi,threshold@p0.5,n_sites
perch_v2-bacpipe1.3.5@o0,DENMIN,knn,window,2002,7136,0.44946527945844533,0.3867521401053508,0.5035256918712514,0.5980863499368508,3,1.0,0.3011988011988012,0.2814983644989183,0.32166072842247706,-0.269504189491272,0.27672327672327673,0.16933066933066934,0.15353869211405144,0.18638924636324414,0.0009861886501312256,4
perch_v2-bacpipe1.3.5@o0,DENMIN,knn,recording,266,673,0.5764182674408099,0.5196748862829422,0.6274852636059173,0.6645243836248828,3,1.0,0.40601503759398494,0.3487428005261857,0.46596330853928086,-0.19458764791488647,0.41729323308270677,0.2781954887218045,0.22779296489079792,0.3349134525037032,0.014340221881866455,4
perch_v2-bacpipe1.3.5@o0,DENMIN,simple_prototype,window,2002,7136,0.2663823346410762,0.2310601319905602,0.3080580467994393,0.5592733327177662,3,1.0,0.3031968031968032,0.2834549549184251,0.3236924888278808,0.11631110310554504,0.0014985014985014985,0.11988011988011989,0.1063743216744737,0.13484193388628446,0.5173888206481934,4
perch_v2-bacpipe1.3.5@o0,DENMIN,simple_prototype,recording,266,673,0.40822396143900397,0.35596015235012285,0.4709762440047677,0.6579041350254076,3,1.0,0.6240601503759399,0.5644741478153329,0.6801137882182514,0.13110888004302979,0.13909774436090225,0.13909774436090225,0.10262787491540629,0.1858435838959853,0.43554359674453735,4
perch_v2-bacpipe1.3.5@o0,DENMIN,prototype,window,2002,7136,0.2746986886753345,0.233395344989256,0.3156636819213557,0.6003787415846408,3,1.0,0.25074925074925075,0.23225175429653752,0.27020148029586505,-0.11397711932659149,0.005994005994005994,0.11938061938061938,0.10590131620727389,0.1343178516472566,0.02453400194644928,4
perch_v2-bacpipe1.3.5@o0,DENMIN,prototype,recording,266,673,0.2964842808280816,0.25967962977778997,0.3387589316922585,0.6543615047906868,3,1.0,0.45864661654135336,0.39977842021789106,0.5186922677709144,-0.08968201279640198,0.015037593984962405,0.13909774436090225,0.10262787491540629,0.1858435838959853,0.032396405935287476,4
perch_v2-bacpipe1.3.5@o0,DENMIN,logistic,window,2002,7136,0.910831348150374,0.8831646095071332,0.932710138714197,0.6917894335741437,3,1.0,0.9735264735264735,0.9655356148238726,0.9797035306799399,-7.10343074798584,0.9225774225774226,0.8931068931068931,0.8788112744739371,0.9058967503272235,-2.0835821628570557,4
perch_v2-bacpipe1.3.5@o0,DENMIN,logistic,recording,266,673,0.9194889575030138,0.8903286250496835,0.9441193873531073,0.7203907284902441,3,1.0,0.9699248120300752,0.9417860560929172,0.9846833985797501,-5.550075531005859,0.924812030075188,0.943609022556391,0.9090548911482973,0.9655322740627007,-1.6842173337936401,4
perch_v2-bacpipe1.3.5@o0,BOAFAB,knn,window,1858,8490,0.9464785948625944,0.92365234274785,0.9638143246636217,0.9492110493022885,2,1.0,0.9994617868675996,0.996957473047599,0.9999049882917548,-0.195872962474823,0.9752421959095802,0.9752421959095802,0.9671355739321404,0.9813876516741625,-0.09031590819358826,4
perch_v2-bacpipe1.3.5@o0,BOAFAB,knn,recording,193,724,0.9555408040857838,0.9327673278488384,0.974625472522734,0.9582748012804845,2,1.0,0.9740932642487047,0.9407968202860345,0.9888847104473063,-0.10829290747642517,0.9740932642487047,0.9689119170984456,0.9338451536160307,0.9856759232295141,-0.044839292764663696,4
perch_v2-bacpipe1.3.5@o0,BOAFAB,simple_prototype,window,1858,8490,0.9605671983803638,0.9412189775932899,0.9749037861560431,0.9621564279375259,2,1.0,0.9994617868675996,0.996957473047599,0.9999049882917548,0.08904967457056046,0.9817007534983854,0.9806243272335845,0.973293292898355,0.9859719850930703,0.16508889198303223,4
perch_v2-bacpipe1.3.5@o0,BOAFAB,simple_prototype,recording,193,724,0.9478796451595037,0.9252049797195689,0.968191624847259,0.9580504208878137,2,1.0,0.9948186528497409,0.9712385440205953,0.9990848022639296,0.1359098106622696,0.9844559585492227,0.9740932642487047,0.9407968202860345,0.9888847104473063,0.20077024400234222,4
perch_v2-bacpipe1.3.5@o0,BOAFAB,prototype,window,1858,8490,0.9522534122134795,0.9287731780926826,0.9707329234428022,0.9696067852545085,2,1.0,0.996232508073197,0.9922433726058141,0.998173857302466,-0.08457294851541519,0.9677072120559742,0.9634015069967707,0.9538625008292391,0.9710282095297947,-0.009409992024302483,4
perch_v2-bacpipe1.3.5@o0,BOAFAB,prototype,recording,193,724,0.9693021331348118,0.9521288884728785,0.9842564791020625,0.9816075879999133,2,1.0,0.9896373056994818,0.9630092727000982,0.9971536196966307,-0.012698907405138016,0.9896373056994818,0.9481865284974094,0.9072632977873529,0.9716159635070076,0.008567241951823235,4
perch_v2-bacpipe1.3.5@o0,BOAFAB,logistic,window,1858,8490,0.9674504711673455,0.9449035110220892,0.9868506874737605,0.9681184783715485,2,1.0,0.9967707212055974,0.9929722370213426,0.9985191981254496,-4.487320899963379,0.9913885898815931,0.9930032292787944,0.9880654868033923,0.9959065116738143,-1.9768567085266113,4
perch_v2-bacpipe1.3.5@o0,BOAFAB,logistic,recording,193,724,0.9770173507437755,0.9536368833037159,0.9947087084992126,0.9842191366158876,2,1.0,0.9792746113989638,0.9479303580949322,0.9919116265262048,-1.350334882736206,1.0,0.9792746113989638,0.9479303580949322,0.9919116265262048,-1.350334882736206,4
perch_v2-bacpipe1.3.5@o0,PHYCUV,knn,window,984,10531,0.42301278763064887,0.36358898749628826,0.4910724908745334,0.5618733057842135,3,0.991869918699187,0.875,0.8528662424911077,0.8942170955663299,-0.23119428753852844,0.34146341463414637,0.3079268292682927,0.27987604455629184,0.33747151399965486,-0.007189959287643433,4
perch_v2-bacpipe1.3.5@o0,PHYCUV,knn,recording,184,997,0.6152432258241954,0.5489720599700944,0.674869716010546,0.7318085043154855,3,1.0,0.9891304347826086,0.9612400316909089,0.9970141569446223,-0.21297210454940796,0.6032608695652174,0.5271739130434783,0.45521771219730683,0.5980186316157783,-0.0013310909271240234,4
perch_v2-bacpipe1.3.5@o0,PHYCUV,simple_prototype,window,984,10531,0.38663518562093285,0.32809333874361596,0.4544089122155977,0.5220299175571386,3,0.9939024390243902,0.9949186991869918,0.9881603274776725,0.9978277094707613,0.1463295817375183,0.03861788617886179,0.10365853658536585,0.08612880643966359,0.12427091756467074,0.4082491397857666,4
perch_v2-bacpipe1.3.5@o0,PHYCUV,simple_prototype,recording,184,997,0.4530446860476575,0.3851427817866327,0.5252207898646937,0.6228542387122554,3,1.0,0.9836956521739131,0.9531669982400931,0.9944399216328211,0.16313034296035767,0.4945652173913043,0.20108695652173914,0.14955561169766166,0.26484460635840257,0.3467411994934082,4
perch_v2-bacpipe1.3.5@o0,PHYCUV,prototype,window,984,10531,0.7011527003087636,0.6373783634265779,0.7645992046961895,0.76514218095239,3,0.9979674796747967,0.975609756097561,0.9639643325099636,0.9835559986848352,-0.11648935079574585,0.7367886178861789,0.7012195121951219,0.6718822232991961,0.7289917629755265,-0.026875469833612442,4
perch_v2-bacpipe1.3.5@o0,PHYCUV,prototype,recording,184,997,0.7656113428925533,0.707923921251398,0.8174762723597878,0.8704512325000354,3,1.0,0.9184782608695652,0.8698629515670593,0.9499767431544506,-0.10369670391082764,0.8315217391304348,0.782608695652174,0.7175598745150145,0.8360981011410702,-0.023422017693519592,4
perch_v2-bacpipe1.3.5@o0,PHYCUV,logistic,window,984,10531,0.8896575673613982,0.8525159445447513,0.9267794732612616,0.8873266542390716,3,0.9979674796747967,0.9979674796747967,0.9926194410098983,0.9994424442154253,-5.17445182800293,0.9247967479674797,0.9065040650406504,0.8866996303955897,0.9231468065230418,-2.175710916519165,4
perch_v2-bacpipe1.3.5@o0,PHYCUV,logistic,recording,184,997,0.953986312859737,0.9318310787541771,0.9722015590160363,0.9613713934108322,3,1.0,0.9619565217391305,0.9235659531688607,0.9814518916535855,-3.012889862060547,0.9782608695652174,0.9619565217391305,0.9235659531688607,0.9814518916535855,-1.8889912366867065,4
perch_v2-bacpipe1.3.5@o0,PITAZU,knn,window,1475,2972,0.434353125773439,0.3760190677201844,0.48869328878715523,0.4275447856989619,2,1.0,0.2677966101694915,0.2458226785421159,0.29097693542600617,-0.2242507040500641,0.15593220338983052,0.01694915254237288,0.011506418929313924,0.024901537135757545,-0.0028829872608184814,4
perch_v2-bacpipe1.3.5@o0,PITAZU,knn,recording,187,480,0.43484089112478724,0.3761497148618457,0.5098464010345223,0.5555826805653494,2,1.0,0.23529411764705882,0.18020437636510725,0.30104080288302315,-0.11686213314533234,0.24598930481283424,0.0481283422459893,0.025523878694330954,0.08892496264843706,0.027975231409072876,4
perch_v2-bacpipe1.3.5@o0,PITAZU,simple_prototype,window,1475,2972,0.48159113588719776,0.4187762473686327,0.5420903207688657,0.4150513985627622,2,1.0,0.3213559322033898,0.29801369426063706,0.3456263007192174,0.07856202125549316,0.6033898305084746,0.017627118644067796,0.012057196427559742,0.025703169523736184,0.24919433891773224,4
perch_v2-bacpipe1.3.5@o0,PITAZU,simple_prototype,recording,187,480,0.45812640564695817,0.3971032115233957,0.5347878621384785,0.5902186573644923,2,1.0,0.36363636363636365,0.2980756500138181,0.4346870180837036,0.1344946175813675,0.48663101604278075,0.0481283422459893,0.025523878694330954,0.08892496264843706,0.31633564829826355,4
perch_v2-bacpipe1.3.5@o0,PITAZU,prototype,window,1475,2972,0.7099134562064208,0.6542171869037104,0.7618242587103853,0.4733862359866372,2,1.0,0.9952542372881356,0.9902361222966538,0.9976992995903149,-0.08751596510410309,0.9227118644067797,0.01288135593220339,0.00826183588497678,0.02003166086274792,-0.03745212033390999,4
perch_v2-bacpipe1.3.5@o0,PITAZU,prototype,recording,187,480,0.6168816600136938,0.552671544426209,0.6957899580542869,0.5426717511943905,2,1.0,0.893048128342246,0.8405799129330824,0.9296923966681785,-0.05925872549414635,0.9251336898395722,0.0427807486631016,0.02183427642715921,0.08213466954688417,-0.025352783501148224,4
perch_v2-bacpipe1.3.5@o0,PITAZU,logistic,window,1475,2972,0.7408092828884508,0.6887170137610942,0.7894473265971025,0.5018511908957737,2,1.0,0.943728813559322,0.9307744691336064,0.9543778014003033,-4.869268417358398,0.9186440677966101,0.013559322033898305,0.0087944930371224,0.020851413596826764,-2.3451900482177734,4
perch_v2-bacpipe1.3.5@o0,PITAZU,logistic,recording,187,480,0.6453882786473236,0.5769517866111509,0.7285860636301179,0.5295323466503562,2,1.0,0.7647058823529411,0.6989591971169768,0.8197956236348927,-3.77353572845459,0.9090909090909091,0.0427807486631016,0.02183427642715921,0.08213466954688417,-1.657747507095337,4
perch_v2-bacpipe1.3.5@o0,LEPLAT,knn,window,1555,5444,0.40203310972415257,0.3432189227939708,0.46260929086101926,0.37450344472783037,2,1.0,0.41672025723472667,0.39245001798538126,0.44140096469303836,-0.3502587080001831,0.14019292604501607,0.04823151125401929,0.038650544655588044,0.0600391490246422,-0.04805871844291687,4
perch_v2-bacpipe1.3.5@o0,LEPLAT,knn,recording,188,720,0.4737081531846993,0.40690117155843575,0.5391963116731395,0.5384903425044842,2,1.0,0.3723404255319149,0.3064394741232662,0.4433541055799889,-0.25006067752838135,0.3351063829787234,0.12234042553191489,0.08292081374791826,0.17688519287421167,-0.035765647888183594,4
perch_v2-bacpipe1.3.5@o0,LEPLAT,simple_prototype,window,1555,5444,0.37315139883208925,0.31332846100936684,0.43836876707929473,0.29778340898082667,2,1.0,0.9344051446945337,0.9209979007777804,0.9456712976834358,0.04805656149983406,0.0,0.0,2.168404344971009e-19,0.002464394073137386,inf,4
perch_v2-bacpipe1.3.5@o0,LEPLAT,simple_prototype,recording,188,720,0.405775991906227,0.35109437447871017,0.46805790581936396,0.34893319185607774,2,1.0,0.7446808510638298,0.6778831870852126,0.8016791184835482,0.10135717689990997,0.0,0.03723404255319149,0.01815093746565364,0.07485078895864641,inf,4
perch_v2-bacpipe1.3.5@o0,LEPLAT,prototype,window,1555,5444,0.8457163320731573,0.8025018910765012,0.8824873879898688,0.7628952457627887,2,1.0,0.9897106109324759,0.9833508434025762,0.9936566986081068,-0.11164979636669159,0.9016077170418006,0.9517684887459807,0.9399608509753579,0.961349455344412,-0.03141450881958008,4
perch_v2-bacpipe1.3.5@o0,LEPLAT,prototype,recording,188,720,0.8723593701112949,0.8263517189028419,0.909611023217947,0.8003290009381127,2,1.0,0.973404255319149,0.9392610869519062,0.9885877216485226,-0.06707656383514404,0.9468085106382979,0.9361702127659575,0.8917584807627845,0.9631134552510936,-0.029219642281532288,4
perch_v2-bacpipe1.3.5@o0,LEPLAT,logistic,window,1555,5444,0.7933446689369281,0.7437266360073417,0.8354772753015501,0.8034916859562686,2,1.0,0.9987138263665595,0.9953223766421245,0.9996472212952155,-7.040299892425537,0.8694533762057878,0.5942122186495177,0.5696022124260165,0.6183578728065049,-3.6231348514556885,4
perch_v2-bacpipe1.3.5@o0,LEPLAT,logistic,recording,188,720,0.7730894779753302,0.707812308399444,0.8391632842372418,0.8681228260207396,2,1.0,0.7287234042553191,0.6610591558024927,0.7872273472291751,-4.0726423263549805,0.9468085106382979,0.5319148936170213,0.4606625929158167,0.6018890121583694,-3.2939255237579346,4
