species,head,n_sites,level,n_pos,n_neg,ap,ap_lo,ap_hi,ap_fold_mean,n_folds_ap,recall@p0.1,recall@p0.1_lo,recall@p0.1_hi,threshold@p0.1,recall@p0.5,recall@p0.5_lo,recall@p0.5_hi,threshold@p0.5
DENMIN,logistic,4,window,1806,6300,0.9122437085147611,0.8852906703560711,0.9343871533557456,0.674422479185297,3,1.0,0.9978773833024945,1.0,-6.499192237854004,0.9302325581395349,0.9175468426738324,0.9410918359818025,-2.211773633956909
DENMIN,logistic,4,recording,264,657,0.9172810619299253,0.8887814987238003,0.9413160530844351,0.7165678977866099,3,1.0,0.9856571944014672,1.0,-5.5046210289001465,0.9242424242424242,0.8858886509536339,0.9504265442960957,-1.730290412902832
DENMIN,prototype,4,window,1806,6300,0.2696136104814002,0.233187112515779,0.3129248976196805,0.5856113194277245,3,1.0,0.9978773833024945,1.0,-0.116875559091568,0.0049833887043189366,0.0026239659625839,0.00944427249541154,0.031858429312705994
DENMIN,prototype,4,recording,264,657,0.2983093850171961,0.2603920808570299,0.3404937836802931,0.647622492097766,3,1.0,0.9856571944014672,1.0,-0.09094002097845078,0.01893939393939394,0.008116118452440698,0.043562186934026526,0.0259723961353302
DENMIN,knn:k=5,4,window,1806,6300,0.436754745892135,0.37604508109382434,0.48928499419319965,0.6219294459761192,3,1.0,0.9978773833024945,1.0,-0.21855753660202026,0.23754152823920266,0.2184836008232945,0.25771365312423333,-0.006635189056396484
DENMIN,knn:k=5,4,recording,264,657,0.5255911249333787,0.4703323454238075,0.5793016364212463,0.6662656900656886,3,1.0,0.9856571944014672,1.0,-0.1538870930671692,0.3484848484848485,0.29355144709810504,0.40776455459842015,0.004076868295669556
DENMIN,logistic+R19,4,window,1806,6300,0.5885828108138494,0.5289005209008673,0.6444942399696424,0.6904045109159395,3,1.0,0.9978773833024945,1.0,-8.540791511535645,0.5326688815060908,0.509612724210081,0.5555863517753534,0.3059732913970947
DENMIN,logistic+R19,4,recording,264,657,0.6769179416966732,0.620300582463769,0.7323764767576117,0.7227001062924829,3,1.0,0.9856571944014672,1.0,-7.497743129730225,0.6704545454545454,0.6116630386846194,0.7243564594067897,0.7123498916625977
DENMIN,logistic+R20,4,window,1806,6300,0.30572644666349386,0.2666871524298825,0.35068082877353146,0.6671001751187945,3,1.0,0.9978773833024945,1.0,-13.177436828613281,0.004429678848283499,0.0022462537794056777,0.008716915594090878,11.44406509399414
DENMIN,logistic+R20,4,recording,264,657,0.29817958590508303,0.26235158459911245,0.34259837613888544,0.7101211760541627,3,1.0,0.9856571944014672,1.0,-11.401920318603516,0.011363636363636364,0.003871976570054633,0.03287212890123884,12.288955688476562
DENMIN,logistic+R21,4,window,1806,6300,0.8879438545561205,0.8554469282785339,0.9153684562530884,0.6556554963316507,3,1.0,0.9978773833024945,1.0,-8.305395126342773,0.9180509413067552,0.9044955446479901,0.9298316141486693,-2.028846263885498
DENMIN,logistic+R21,4,recording,264,657,0.8862509897270283,0.8537395220720887,0.9148225551975209,0.6973655060806525,3,1.0,0.9856571944014672,1.0,-6.292455673217773,0.9053030303030303,0.8639455939187828,0.9350341015430124,-1.36738121509552
DENMIN,dann,4,window,1806,6300,0.9081649764498443,0.8790608500517595,0.9335300031295616,0.6185101904372247,3,1.0,0.9978773833024945,1.0,-13.42473316192627,0.9091915836101883,0.8950564372190395,0.9215896162256376,-4.97056770324707
DENMIN,dann,4,recording,264,657,0.9130478969395485,0.8842982730910964,0.938873903609639,0.677330352567156,3,1.0,0.9856571944014672,1.0,-12.709945678710938,0.9053030303030303,0.8639455939187828,0.9350341015430124,-3.694315195083618
DENMIN,logistic+R37,4,window,1806,6300,0.9008722532753629,0.8731593251580557,0.924166702589701,0.6245682616831281,3,1.0,0.9978773833024945,1.0,-6.7206621170043945,0.9213732004429679,0.9080460818490691,0.9329114914545836,-1.9358766078948975
DENMIN,logistic+R37,4,recording,264,657,0.9085822610923899,0.8788218313219668,0.9338867641053603,0.6601339781008597,3,1.0,0.9856571944014672,1.0,-5.718598365783691,0.9204545454545454,0.8814616738158291,0.9473864214763136,-1.392802119255066
DENMIN,logistic+R37=glmm,4,window,1806,6300,0.8931097192674325,0.864544794758202,0.9160174014764351,0.6264471007596862,3,1.0,0.9978773833024945,1.0,-13.015002250671387,0.8959025470653378,0.8809673791368788,0.909157016279825,-2.3173305988311768
DENMIN,logistic+R37=glmm,4,recording,264,657,0.9123608447566787,0.8835568935715079,0.9377823443872298,0.6604256837231824,3,1.0,0.9856571944014672,1.0,-11.220260620117188,0.9166666666666666,0.8770550167114404,0.9443259786231155,-1.9344440698623657
DENMIN,logistic+R19+R37,4,window,1806,6300,0.7894302118570754,0.7471740807256754,0.8252410996362722,0.6280634303333303,3,1.0,0.9978773833024945,1.0,-9.558229446411133,0.810077519379845,0.7913361504949641,0.8275025368244124,-2.7430214881896973
DENMIN,logistic+R19+R37,4,recording,264,657,0.7963778142532357,0.7481805502296857,0.8401221171337482,0.6597294922161187,3,1.0,0.9856571944014672,1.0,-8.54004192352295,0.8409090909090909,0.7919433948702254,0.8800956013125932,-2.074460983276367
DENMIN,logistic+R13,4,window,1806,6300,0.868165902727645,0.8347932936680588,0.8962151966465947,0.5731907087946788,3,1.0,0.9978773833024945,1.0,-19.206865310668945,0.8588039867109635,0.8419810041801791,0.8741037625750995,-3.3076462745666504
DENMIN,logistic+R13,4,recording,264,657,0.8802763452171578,0.8451474716681785,0.9104474842472057,0.6066669184800304,3,1.0,0.9856571944014672,1.0,-16.69056510925293,0.8674242424242424,0.8212008841085408,0.9031078117773859,-1.8431117534637451
DENMIN,loss:focal,4,window,1806,6300,0.9052996960274037,0.876975646720687,0.9279196709677087,0.6667163123756327,3,1.0,0.9978773833024945,1.0,-3.085925579071045,0.9208194905869325,0.9074538871237221,0.9323986170954317,-0.9429290890693665
DENMIN,loss:focal,4,recording,264,657,0.9122564772578272,0.8832586089692104,0.9375159021409811,0.7090171217633693,3,1.0,0.9856571944014672,1.0,-2.6217222213745117,0.9204545454545454,0.8814616738158291,0.9473864214763136,-0.6961718797683716
DENMIN,logistic+R18=64,4,window,1806,6300,0.9149233712283925,0.8842318653324387,0.9387447304320515,0.6712319530763354,3,1.0,0.9978773833024945,1.0,-1.2643237113952637,0.9296788482834994,0.9169515520187909,0.9405820575523453,-0.646593451499939
DENMIN,logistic+R18=64,4,recording,264,657,0.9133407833473044,0.8805516729560963,0.9401868175328225,0.7003715207871716,3,1.0,0.9856571944014672,1.0,-1.1340398788452148,0.9356060606060606,0.899305771130492,0.9594107239919981,-0.6024088859558105
DENMIN,lda_shrunk,4,window,1806,6300,0.907089849192425,0.879902153225282,0.926962309948012,0.6463996431668863,3,1.0,0.9978773833024945,1.0,-51.21015167236328,0.9368770764119602,0.9247075064997526,0.947192001169869,-8.36593246459961
DENMIN,lda_shrunk,4,recording,264,657,0.9272682260539712,0.9028063194293668,0.9489405315973832,0.7390911108247472,3,1.0,0.9856571944014672,1.0,-23.317066192626953,0.9356060606060606,0.899305771130492,0.9594107239919981,-1.7562522888183594
BOAFAB,logistic,4,window,1803,8488,0.9635746903626863,0.9382241532001745,0.9824915857779145,0.9614302251747651,2,1.0,0.9978738590034676,0.9999999999999999,-4.948734283447266,0.9877981142540211,0.9815935878762536,0.9919283854942953,-1.7704020738601685
BOAFAB,logistic,4,recording,192,723,0.9733117912009589,0.9497208133786407,0.9916207742446767,0.9777101230026697,2,1.0,0.9803841471883398,0.9999999999999999,-1.1267699003219604,1.0,0.9803841471883398,0.9999999999999999,-1.1267699003219604
BOAFAB,prototype,4,window,1803,8488,0.9488436736761976,0.9226930920154922,0.9691358795471203,0.9666517470694116,2,1.0,0.9978738590034676,0.9999999999999999,-0.08439778536558151,0.9667221297836939,0.9574001300616376,0.974059495397506,-0.009109444916248322
BOAFAB,prototype,4,recording,192,723,0.9646963260479438,0.9449684507630143,0.9793308142381125,0.9787906954312251,2,1.0,0.9803841471883398,0.9999999999999999,-0.014048196375370026,0.9895833333333334,0.9628207069011787,0.9971387705540709,0.007804267108440399
BOAFAB,knn:k=5,4,window,1803,8488,0.9520598246707661,0.9308155162126281,0.9691638795404627,0.9546265163916652,2,1.0,0.9978738590034676,0.9999999999999999,-0.18385456502437592,0.9750415973377704,0.9667679307014885,0.9812952531437362,-0.07949778437614441
BOAFAB,knn:k=5,4,recording,192,723,0.9587319859120579,0.9373628059939403,0.9769390555172305,0.9605340240995011,2,1.0,0.9803841471883398,0.9999999999999999,-0.09481437504291534,0.9739583333333334,0.9404959170712583,0.9888265557843556,-0.0460527241230011
BOAFAB,logistic+R19,4,window,1803,8488,0.952614174657161,0.9221439778697845,0.9744464090221185,0.9609649590545295,2,1.0,0.9978738590034676,0.9999999999999999,-4.907042503356934,0.9889073765945646,0.9829279109430547,0.9928078702123051,-3.0114152431488037
BOAFAB,logistic+R19,4,recording,192,723,0.9608617998883748,0.9345584389622968,0.9834742191634538,0.9774567628643789,2,1.0,0.9803841471883398,0.9999999999999999,-2.8405466079711914,0.9895833333333334,0.9628207069011787,0.9971387705540709,-2.0791237354278564
BOAFAB,logistic+R20,4,window,1803,8488,0.9576344393560373,0.9295564730631307,0.9786585060912618,0.9619725306037197,2,1.0,0.9978738590034676,0.9999999999999999,-4.685340881347656,0.9883527454242929,0.982259405766614,0.9923694714963404,-2.9530506134033203
BOAFAB,logistic+R20,4,recording,192,723,0.9672124459050018,0.9432683187027221,0.9867930343621419,0.9776963634129683,2,1.0,0.9803841471883398,0.9999999999999999,-2.8416473865509033,0.9895833333333334,0.9628207069011787,0.9971387705540709,-1.9800982475280762
BOAFAB,logistic+R21,4,window,1803,8488,0.9548591429109426,0.9279429128953751,0.9776699165673265,0.9616959219491668,2,1.0,0.9978738590034676,0.9999999999999999,-5.134374618530273,0.9900166389351082,0.9842737769229251,0.9936758120172453,-2.536149740219116
BOAFAB,logistic+R21,4,recording,192,723,0.921682938318751,0.8686167617338154,0.9753119894505284,0.9770235644987191,2,1.0,0.9803841471883398,0.9999999999999999,-1.9474818706512451,1.0,0.9803841471883398,0.9999999999999999,-1.9474818706512451
BOAFAB,dann,4,window,1803,8488,0.9588833342280589,0.9349975056076987,0.9773598451417043,0.966651651695302,2,1.0,0.9978738590034676,0.9999999999999999,-8.495092391967773,0.9839156960621187,0.9769956402687409,0.9887780058549701,-4.069866180419922
BOAFAB,dann,4,recording,192,723,0.9486715186028434,0.9036764503421603,0.9855167581124626,0.9753781932532343,2,1.0,0.9803841471883398,0.9999999999999999,-5.163738250732422,0.984375,0.9550749394965397,0.9946722030921646,-1.4549274444580078
BOAFAB,logistic+R37,4,window,1803,8488,0.9598516775004902,0.9331096456325393,0.9797671833134928,0.960908068768948,2,1.0,0.9978738590034676,0.9999999999999999,-6.476916313171387,0.9861342207432058,0.9796106273598674,0.9905906343334653,-3.5824644565582275
BOAFAB,logistic+R37,4,recording,192,723,0.9630022062852519,0.9365517869171652,0.9832679753069756,0.9776285282913655,2,1.0,0.9803841471883398,0.9999999999999999,-3.0357069969177246,0.9947916666666666,0.971091779786119,0.9990800325356756,-2.928852081298828
BOAFAB,logistic+R37=glmm,4,window,1803,8488,0.9635355920958667,0.9381938766930285,0.9824854014143034,0.9614427606217184,2,1.0,0.9978738590034676,0.9999999999999999,-5.039112567901611,0.9877981142540211,0.9815935878762536,0.9919283854942953,-1.8704372644424438
BOAFAB,logistic+R37=glmm,4,recording,192,723,0.973312093406394,0.9497385031281298,0.9915636898933999,0.9777340087683464,2,1.0,0.9803841471883398,0.9999999999999999,-1.2344768047332764,1.0,0.9803841471883398,0.9999999999999999,-1.2344768047332764
BOAFAB,logistic+R19+R37,4,window,1803,8488,0.947006554238744,0.9158492688006192,0.9697388917235437,0.9607722167954219,2,1.0,0.9978738590034676,0.9999999999999999,-6.959109306335449,0.9883527454242929,0.982259405766614,0.9923694714963404,-5.043827533721924
BOAFAB,logistic+R19+R37,4,recording,192,723,0.9379193452348366,0.9045870733850131,0.9653990287426373,0.9774525316863552,2,1.0,0.9803841471883398,0.9999999999999999,-5.009933948516846,0.9895833333333334,0.9628207069011787,0.9971387705540709,-4.159675598144531
BOAFAB,logistic+R13,4,window,1803,8488,0.965217151182849,0.9405466345083037,0.9840623179003105,0.9640232509621915,2,1.0,0.9978738590034676,0.9999999999999999,-5.15938663482666,0.9922351636161952,0.9870081433204546,0.9953690611893374,-3.5779471397399902
BOAFAB,logistic+R13,4,recording,192,723,0.9711870356433604,0.9470609412921637,0.9906319075584633,0.9759980494794543,2,1.0,0.9803841471883398,0.9999999999999999,-3.05092191696167,0.9895833333333334,0.9628207069011787,0.9971387705540709,-2.3541812896728516
BOAFAB,loss:focal,4,window,1803,8488,0.9636861090860411,0.9378409581427374,0.9826138349792777,0.9608965517826573,2,1.0,0.9978738590034676,0.9999999999999999,-2.2857747077941895,0.9872434830837493,0.9809302856118862,0.9914847838662573,-0.7701715230941772
BOAFAB,loss:focal,4,recording,192,723,0.9741683954449495,0.9505878519793304,0.9910702066494362,0.9776831600870088,2,1.0,0.9803841471883398,0.9999999999999999,-0.5640231370925903,1.0,0.9803841471883398,0.9999999999999999,-0.5640231370925903
BOAFAB,logistic+R18=64,4,window,1803,8488,0.959580917482086,0.9313684613880038,0.9808724962065735,0.9627541388738621,2,1.0,0.9978738590034676,0.9999999999999999,-1.573197603225708,0.9955629506378258,0.991268621929321,0.9977500059349034,-0.6410490870475769
BOAFAB,logistic+R18=64,4,recording,192,723,0.9503770581154065,0.9038360644609854,0.9894956424692557,0.97690562242316,2,1.0,0.9803841471883398,0.9999999999999999,-0.3369982838630676,1.0,0.9803841471883398,0.9999999999999999,-0.3369982838630676
BOAFAB,lda_shrunk,4,window,1803,8488,0.9476946492183568,0.9196946619460894,0.9675736117744294,0.9523308769542719,2,1.0,0.9978738590034676,0.9999999999999999,-70.8048095703125,0.971159179145868,0.9623757416398608,0.9779391149585261,-30.037269592285156
BOAFAB,lda_shrunk,4,recording,192,723,0.9616614365222738,0.9366509261798556,0.9816330189405594,0.9640708438338793,2,1.0,0.9803841471883398,0.9999999999999999,-43.077430725097656,0.9791666666666666,0.947665460133743,0.991869347588416,-13.434221267700195
PHYCUV,logistic,4,window,905,10389,0.8718095467355724,0.8280453693791758,0.9118008001138588,0.8740110704300635,3,0.9955801104972376,0.9886907497951001,0.9982799170405732,-4.781676769256592,0.9060773480662984,0.8853172036393071,0.9234045802226993,-1.8440340757369995
PHYCUV,logistic,4,recording,175,1017,0.9356625549272396,0.9082761506523175,0.9610859915508934,0.9396283865440161,3,1.0,0.9785195390781564,1.0,-4.082934856414795,0.96,0.9197465646610732,0.9804914112908305,-1.4055627584457397
PHYCUV,prototype,4,window,905,10389,0.6848313085603968,0.6049651970833048,0.7608349923583005,0.7434211014086164,3,0.9900552486187846,0.9812082491822449,0.9947594001859179,-0.10408502072095871,0.7425414364640884,0.7130710823677635,0.7699613844559383,-0.026820186525583267
PHYCUV,prototype,4,recording,175,1017,0.7603601591844114,0.6985128779824763,0.8198839405227816,0.8471719535226264,3,1.0,0.9785195390781564,1.0,-0.10965744405984879,0.8457142857142858,0.7848283611647479,0.8917480058550061,-0.021602142602205276
PHYCUV,knn:k=5,4,window,905,10389,0.5732721989654087,0.5081009031884659,0.6432310225390356,0.681965928534687,3,0.9933701657458563,0.9856113690836363,0.9969580907650326,-0.20228534936904907,0.538121546961326,0.5055472496271529,0.5703735708986681,-0.036664098501205444
PHYCUV,knn:k=5,4,recording,175,1017,0.7520120283571338,0.692605773456044,0.8076269663054074,0.8309268297707489,3,1.0,0.9785195390781564,1.0,-0.16447855532169342,0.8,0.7345778940946592,0.8525338293522347,-0.03144964575767517
PHYCUV,logistic+R19,4,window,905,10389,0.875968844511655,0.8329204544086733,0.9137676890639944,0.8730243419421478,3,0.9977900552486187,0.9919781170407657,0.9993937567819114,-4.490988731384277,0.9160220994475138,0.8961459189954881,0.9323812963080367,-1.7428838014602661
PHYCUV,logistic+R19,4,recording,175,1017,0.9327652752479514,0.9031345689807289,0.9596418076424537,0.9382507228518491,3,1.0,0.9785195390781564,1.0,-3.6244475841522217,0.96,0.9197465646610732,0.9804914112908305,-1.3445324897766113
PHYCUV,logistic+R20,4,window,905,10389,0.8734787399192862,0.8269564450823358,0.9115298882270234,0.8706469497922514,3,0.9966850828729282,0.9902992474948599,0.9988720228343154,-4.534459114074707,0.9138121546961326,0.8937335313829999,0.930392476933521,-1.8217593431472778
PHYCUV,logistic+R20,4,recording,175,1017,0.9321673848927856,0.9015883740074758,0.9608588974600227,0.9355946856890721,3,1.0,0.9785195390781564,1.0,-3.663123369216919,0.9542857142857143,0.9123980544495223,0.9766568410557741,-1.3944168090820312
PHYCUV,logistic+R21,4,window,905,10389,0.8693079326919453,0.8240601272934057,0.9104508994990446,0.8768082922848323,3,0.9955801104972376,0.9886907497951001,0.9982799170405732,-4.847475051879883,0.8950276243093923,0.8733598608793652,0.9133558880476206,-1.6178232431411743
PHYCUV,logistic+R21,4,recording,175,1017,0.9340255615924545,0.9065445072522378,0.959746649272208,0.9402237221938057,3,1.0,0.9785195390781564,1.0,-4.40645170211792,0.96,0.9197465646610732,0.9804914112908305,-1.3281199932098389
PHYCUV,dann,4,window,905,10389,0.8637168853257474,0.8172984477612671,0.9031637784852755,0.8470322403746229,3,0.9911602209944751,0.9826541263116508,0.995514126550014,-5.013415813446045,0.9138121546961326,0.8937335313829999,0.930392476933521,-1.0095449686050415
PHYCUV,dann,4,recording,175,1017,0.931007863024328,0.8989184283228053,0.9569032574489822,0.936369936086383,3,1.0,0.9785195390781564,1.0,-2.557802438735962,0.9657142857142857,0.9272272417085907,0.9841938146899207,-0.23729002475738525
PHYCUV,logistic+R37,4,window,905,10389,0.8683953332752365,0.8236069564859334,0.9099601189073003,0.8739103974650656,3,0.9955801104972376,0.9886907497951001,0.9982799170405732,-5.215084075927734,0.9005524861878453,0.8793294117927468,0.9183893546017494,-2.1436808109283447
PHYCUV,logistic+R37,4,recording,175,1017,0.931411906189348,0.9037088860339169,0.9581914515062303,0.9391071527963047,3,1.0,0.9785195390781564,1.0,-4.449769973754883,0.9542857142857143,0.9123980544495223,0.9766568410557741,-1.3045459985733032
PHYCUV,logistic+R37=glmm,4,window,905,10389,0.8723548190525364,0.8286068727265664,0.9122299115974556,0.8738957369427819,3,0.9955801104972376,0.9886907497951001,0.9982799170405732,-4.801167964935303,0.907182320441989,0.8865170736062827,0.9244053137492257,-1.8715811967849731
PHYCUV,logistic+R37=glmm,4,recording,175,1017,0.9358855602203833,0.9085365295634765,0.9614095043038401,0.9395153600559708,3,1.0,0.9785195390781564,1.0,-4.0969319343566895,0.96,0.9197465646610732,0.9804914112908305,-1.4121735095977783
PHYCUV,logistic+R19+R37,4,window,905,10389,0.8752214458216376,0.8321379477719264,0.9142573475003477,0.8740742607745761,3,0.9977900552486187,0.9919781170407657,0.9993937567819114,-5.218499183654785,0.9149171270718232,0.8949392765389921,0.9313873352710307,-2.3966898918151855
PHYCUV,logistic+R19+R37,4,recording,175,1017,0.933326564053507,0.9028139504811116,0.9599866048367903,0.9381316857444498,3,1.0,0.9785195390781564,1.0,-4.2366509437561035,0.96,0.9197465646610732,0.9804914112908305,-1.9118657112121582
PHYCUV,logistic+R13,4,window,905,10389,0.8732143506984699,0.8298409873173489,0.9131618472916475,0.8760989126383715,3,0.9977900552486187,0.9919781170407657,0.9993937567819114,-4.868222236633301,0.912707182320442,0.8925286681297212,0.9293967366932975,-1.7428457736968994
PHYCUV,logistic+R13,4,recording,175,1017,0.9381964425002476,0.9109818266860698,0.9627134815852726,0.9419653208795284,3,1.0,0.9785195390781564,1.0,-3.650998592376709,0.9657142857142857,0.9272272417085907,0.9841938146899207,-1.3116154670715332
PHYCUV,loss:focal,4,window,905,10389,0.870025190045168,0.8258767474905616,0.91020607134056,0.8701869404229096,3,0.9955801104972376,0.9886907497951001,0.9982799170405732,-2.104496479034424,0.9116022099447514,0.8913246718561124,0.9284001294734042,-0.7878934144973755
PHYCUV,loss:focal,4,recording,175,1017,0.9338355469029408,0.9057577721454437,0.9599577937097721,0.9373358544500349,3,1.0,0.9785195390781564,1.0,-2.064728021621704,0.96,0.9197465646610732,0.9804914112908305,-0.5607342720031738
PHYCUV,logistic+R18=64,4,window,905,10389,0.8815464876714952,0.8411477127217688,0.9197025072151372,0.882461175568665,3,0.9977900552486187,0.9919781170407657,0.9993937567819114,-1.9568248987197876,0.9104972375690608,0.8901215280935583,0.9274026697424563,-0.9291336536407471
PHYCUV,logistic+R18=64,4,recording,175,1017,0.9324295929223748,0.9053421843979352,0.956652012131164,0.9442571628195138,3,1.0,0.9785195390781564,1.0,-1.8104166984558105,0.96,0.9197465646610732,0.9804914112908305,-0.7843925952911377
PHYCUV,lda_shrunk,4,window,905,10389,0.8758237631834854,0.8324204409358793,0.9116680190878472,0.8547469789833975,3,0.9977900552486187,0.9919781170407657,0.9993937567819114,-51.582763671875,0.8983425414364641,0.8769394763852246,0.9163780830222673,-18.770946502685547
PHYCUV,lda_shrunk,4,recording,175,1017,0.9341677501957972,0.9014056199039006,0.9613007911994919,0.9247548983665199,3,1.0,0.9785195390781564,1.0,-55.851810455322266,0.9714285714285714,0.9348684071570383,0.9877357296880804,-14.787942886352539
PITAZU,logistic,4,window,1415,3252,0.7118693115799449,0.6530289845179766,0.7660157724023565,0.5219451752991657,2,1.0,0.9972924391278067,0.9999999999999999,-4.496833801269531,0.8692579505300353,0.8506880173824175,0.8858283069204503,-2.0477640628814697
PITAZU,logistic,4,recording,187,492,0.655127967557385,0.5874398435127378,0.7358961040521249,0.6449606341920651,2,1.0,0.9798702169757536,1.0,-3.4633243083953857,0.8983957219251337,0.846766723039666,0.9339854819303195,-1.4974818229675293
PITAZU,prototype,4,window,1415,3252,0.6399706094489426,0.578600864517936,0.6998682386595358,0.4318806473613176,2,1.0,0.9972924391278067,0.9999999999999999,-0.08512577414512634,0.8890459363957597,0.8716159958516339,0.9043691458301437,-0.04014625400304794
PITAZU,prototype,4,recording,187,492,0.5735309251557608,0.5072483139632424,0.6491882214229514,0.5272723658081925,2,1.0,0.9798702169757536,1.0,-0.058518845587968826,0.893048128342246,0.8405799129330824,0.9296923966681785,-0.024466175585985184
PITAZU,knn:k=5,4,window,1415,3252,0.3065285762370794,0.26436471291683,0.35196802975022734,0.34125337829272556,2,1.0,0.9972924391278067,0.9999999999999999,-0.3080265522003174,0.0431095406360424,0.03370610122781542,0.054987097505573845,0.017822623252868652
PITAZU,knn:k=5,4,recording,187,492,0.3128150981624314,0.26696756598194193,0.37059454088067045,0.5209239055488419,2,1.0,0.9798702169757536,1.0,-0.16960036754608154,0.0,0.0,0.020129783024246284,inf
PITAZU,logistic+R19,4,window,1415,3252,0.5073970712389567,0.4540870796317156,0.5619691912510352,0.5571483975123669,2,1.0,0.9972924391278067,0.9999999999999999,-4.644986152648926,0.727208480565371,0.7034093749014672,0.7497772246456564,-2.521834135055542
PITAZU,logistic+R19,4,recording,187,492,0.34439604535292545,0.29285617409215386,0.4038907324308694,0.6768703265578393,2,1.0,0.9798702169757536,1.0,-3.963956832885742,0.016042780748663103,0.005470637462600011,0.046098831667820195,3.590688467025757
PITAZU,logistic+R20,4,window,1415,3252,0.4500410878623854,0.4034014602563942,0.4979138272788536,0.5836360163310652,2,1.0,0.9972924391278067,0.9999999999999999,-4.281590461730957,0.6819787985865724,0.6572483275967752,0.7057238322271261,-2.4215922355651855
PITAZU,logistic+R20,4,recording,187,492,0.28178855533538505,0.23988490598043416,0.328556250266256,0.7250421500666506,2,1.0,0.9798702169757536,1.0,-3.510188102722168,0.026737967914438502,0.011473590848084473,0.061055669019785,3.779332160949707
PITAZU,logistic+R21,4,window,1415,3252,0.6839954644783375,0.6255532076899072,0.7400659318047361,0.5316134341509303,2,1.0,0.9972924391278067,0.9999999999999999,-4.628039360046387,0.8409893992932862,0.8210155776596388,0.8591167218162152,-2.3525490760803223
PITAZU,logistic+R21,4,recording,187,492,0.6219814104353075,0.5517548656661828,0.7031929609316958,0.6585484825988925,2,1.0,0.9798702169757536,1.0,-3.56423020362854,0.8609625668449198,0.8040733642061699,0.903319573182743,-1.6747969388961792
PITAZU,dann,4,window,1415,3252,0.5873658131175024,0.5212933012051028,0.6478966478316953,0.4534203589664918,2,1.0,0.9972924391278067,0.9999999999999999,-12.688711166381836,0.6176678445229682,0.5920608435499479,0.642637659792497,-2.2416393756866455
PITAZU,dann,4,recording,187,492,0.6098037388983888,0.540270858793421,0.6882773938941225,0.6375025165159134,2,1.0,0.9798702169757536,1.0,-9.84788703918457,0.946524064171123,0.9043741139931262,0.9706971492953812,-2.5731759071350098
PITAZU,logistic+R37,4,window,1415,3252,0.7564143731480758,0.6997838197497673,0.8058674575318178,0.5501484355328995,2,1.0,0.9972924391278067,0.9999999999999999,-7.346703052520752,0.9201413427561838,0.9048528480659319,0.9331547209255608,-3.9657273292541504
PITAZU,logistic+R37,4,recording,187,492,0.6823252019081246,0.613682851924781,0.7613780725486125,0.6602784799498078,2,1.0,0.9798702169757536,1.0,-6.427054405212402,0.9358288770053476,0.891197324678805,0.9629141478722529,-3.745558738708496
PITAZU,logistic+R37=glmm,4,window,1415,3252,0.7539174243419796,0.6966146340267749,0.803077498123119,0.5501484355328995,2,1.0,0.9972924391278067,0.9999999999999999,-7.346703052520752,0.9201413427561838,0.9048528480659319,0.9331547209255608,-3.9657273292541504
PITAZU,logistic+R37=glmm,4,recording,187,492,0.6738064189143962,0.6069609576181119,0.750312061317762,0.6602784799498078,2,1.0,0.9798702169757536,1.0,-6.427054405212402,0.93048128342246,0.884705099830825,0.9589264773515085,-3.7071003913879395
PITAZU,logistic+R19+R37,4,window,1415,3252,0.6776897871062058,0.6209987601012456,0.7324678380081603,0.5545236798604458,2,1.0,0.9972924391278067,0.9999999999999999,-6.278179168701172,0.8445229681978799,0.8247120286230946,0.8624682739561363,-4.591512203216553
PITAZU,logistic+R19+R37,4,recording,187,492,0.5643611233572035,0.49200985530340857,0.6406611422113839,0.6654050933081104,2,1.0,0.9798702169757536,1.0,-5.640398025512695,0.679144385026738,0.6092100431561992,0.7418664516960763,-3.0072712898254395
PITAZU,logistic+R13,4,window,1415,3252,0.6213190955541837,0.5619274598451656,0.6812856795146464,0.44292544247995147,2,1.0,0.9972924391278067,0.9999999999999999,-4.957889080047607,0.7936395759717314,0.7717716780203688,0.8139173798702369,-2.4999449253082275
PITAZU,logistic+R13,4,recording,187,492,0.5560818317058819,0.4858177602269542,0.632196681173063,0.5155246323958226,2,1.0,0.9798702169757536,1.0,-3.508333683013916,0.8128342245989305,0.7508404830478786,0.8622333960225127,-1.938378930091858
PITAZU,loss:focal,4,window,1415,3252,0.706546935206784,0.6487163086867737,0.7602074975418832,0.5171156201165532,2,1.0,0.9972924391278067,0.9999999999999999,-2.0962932109832764,0.8650176678445229,0.8462215740432014,0.8818371465356144,-0.9650997519493103
PITAZU,loss:focal,4,recording,187,492,0.6552219659221514,0.5827925322112721,0.7367482091576822,0.6242519856354405,2,1.0,0.9798702169757536,1.0,-1.6506189107894897,0.893048128342246,0.8405799129330824,0.9296923966681785,-0.6713615655899048
PITAZU,logistic+R18=64,4,window,1415,3252,0.6493766635015579,0.5828566095688206,0.7109422000042945,0.6062475663659044,2,1.0,0.9972924391278067,0.9999999999999999,-1.2107057571411133,0.7971731448763251,0.7754298620381707,0.8173071989558119,-0.5789921283721924
PITAZU,logistic+R18=64,4,recording,187,492,0.6549808289894751,0.5845487512733887,0.732234384144671,0.7498891081980062,2,1.0,0.9798702169757536,1.0,-0.8908802270889282,0.9411764705882353,0.8977512194762759,0.9668401484435066,-0.5544963479042053
PITAZU,lda_shrunk,4,window,1415,3252,0.5239647683321436,0.4654685095478589,0.5825529119182913,0.3554739722380737,2,1.0,0.9972924391278067,0.9999999999999999,-322.7450866699219,0.2904593639575972,0.2673976904648502,0.31465572550490994,-10.477193832397461
PITAZU,lda_shrunk,4,recording,187,492,0.5859212298611258,0.5212286964696827,0.6605512467439186,0.4249344687014435,2,1.0,0.9798702169757536,1.0,-237.45111083984375,0.5080213903743316,0.436929133968608,0.5787907090844789,0.17047405242919922
