head,reference,diff,lo,hi,significant,species,level
prototype,logistic,-0.6189716769127291,-0.6650134832528677,-0.5738412704677063,True,DENMIN,recording
knn:k=5,logistic,-0.39168993699654664,-0.4443967473352417,-0.34145335360063916,True,DENMIN,recording
logistic+R19,logistic,-0.24036312023325213,-0.2906930162482249,-0.19267675888788935,True,DENMIN,recording
logistic+R20,logistic,-0.6191014760248423,-0.6573043778342746,-0.5728870339116259,True,DENMIN,recording
logistic+R21,logistic,-0.031030072202896997,-0.04327297767874144,-0.020825452480096315,True,DENMIN,recording
dann,logistic,-0.004233164990376848,-0.01612685115259519,0.00788648638108168,False,DENMIN,recording
logistic+R37,logistic,-0.008698800837535381,-0.013693180127265083,-0.004588433353731266,True,DENMIN,recording
logistic+R37=glmm,logistic,-0.004920217173246644,-0.01176792003251291,0.0010633696463933165,False,DENMIN,recording
logistic+R19+R37,logistic,-0.12090324767668958,-0.15833336138010082,-0.08734043433673071,True,DENMIN,recording
logistic+R13,logistic,-0.037004716712767505,-0.053861021896668096,-0.02439567746159795,True,DENMIN,recording
loss:focal,logistic,-0.005024584672098098,-0.00767796602847029,-0.0029781631772420078,True,DENMIN,recording
logistic+R18=64,logistic,-0.003940278582620915,-0.0191993430616546,0.010520027973991701,False,DENMIN,recording
lda_shrunk,logistic,0.009987164124045878,-0.004521849685693621,0.02397412532565801,False,DENMIN,recording
prototype,logistic,-0.6426300980333609,-0.6792385737571348,-0.6018880324567685,True,DENMIN,window
knn:k=5,logistic,-0.47548896262262613,-0.5289207440125124,-0.4244199876402202,True,DENMIN,window
logistic+R19,logistic,-0.32366089770091166,-0.37413292567733664,-0.27407963080306236,True,DENMIN,window
logistic+R20,logistic,-0.6065172618512673,-0.6448073963059541,-0.5644744575021625,True,DENMIN,window
logistic+R21,logistic,-0.02429985395864065,-0.032693776536740174,-0.017133450247565213,True,DENMIN,window
dann,logistic,-0.0040787320649168235,-0.014984336973407095,0.0065650779276683,False,DENMIN,window
logistic+R37,logistic,-0.011371455239398198,-0.015785596757160614,-0.00748293003120683,True,DENMIN,window
logistic+R37=glmm,logistic,-0.019133989247328564,-0.028690421774351625,-0.010608311949924494,True,DENMIN,window
logistic+R19+R37,logistic,-0.1228134966576857,-0.151004452922189,-0.09751597406987497,True,DENMIN,window
logistic+R13,logistic,-0.044077805787116064,-0.05666129933340422,-0.0313819478418392,True,DENMIN,window
loss:focal,logistic,-0.006944012487357432,-0.009539227187670335,-0.004733403541009607,True,DENMIN,window
logistic+R18=64,logistic,0.0026796627136314033,-0.009450684343310084,0.014492286382086706,False,DENMIN,window
lda_shrunk,logistic,-0.005153859322336141,-0.016901977568431235,0.0067143949188727195,False,DENMIN,window
prototype,logistic,-0.008615465153015145,-0.027888548445952132,0.012226326326971822,False,BOAFAB,recording
knn:k=5,logistic,-0.014579805288901015,-0.033429268709102546,0.004570858522824357,False,BOAFAB,recording
logistic+R19,logistic,-0.012449991312584063,-0.022667348936814425,-0.0036727212033136813,True,BOAFAB,recording
logistic+R20,logistic,-0.006099345295957126,-0.012342266709371798,-7.366327140867477e-05,True,BOAFAB,recording
logistic+R21,logistic,-0.051628852882207865,-0.10070089160199468,-0.0040638290894011294,True,BOAFAB,recording
dann,logistic,-0.02464027259811552,-0.06285763933223484,0.007714004320670774,False,BOAFAB,recording
logistic+R37,logistic,-0.010309584915706993,-0.01832339929808541,-0.004131139241428159,True,BOAFAB,recording
logistic+R37=glmm,logistic,3.022054351209391e-07,-0.0004436001560599007,0.0004403539661663041,False,BOAFAB,recording
logistic+R19+R37,logistic,-0.03539244596612234,-0.0554399820799099,-0.0190721622683262,True,BOAFAB,recording
logistic+R13,logistic,-0.002124755557598501,-0.006413243439403299,0.0027992026877446986,False,BOAFAB,recording
loss:focal,logistic,0.0008566042439905885,-0.0020635277424975395,0.005042400926622036,False,BOAFAB,recording
logistic+R18=64,logistic,-0.022934733085552383,-0.06249039653762478,0.007501113556675953,False,BOAFAB,recording
lda_shrunk,logistic,-0.011650354678685138,-0.02843520072751149,0.006025846536274656,False,BOAFAB,recording
prototype,logistic,-0.014731016686488685,-0.029177516301237612,0.0016105698562897603,False,BOAFAB,window
knn:k=5,logistic,-0.011514865691920173,-0.027393731577346613,0.006078756891526887,False,BOAFAB,window
logistic+R19,logistic,-0.010960515705525253,-0.023186751756513666,-0.0008660213787572349,True,BOAFAB,window
logistic+R20,logistic,-0.005940251006648967,-0.013731621855419244,0.0013978929397671406,False,BOAFAB,window
logistic+R21,logistic,-0.008715547451743633,-0.0181701166733906,-0.00016700215185901776,True,BOAFAB,window
dann,logistic,-0.004691356134627345,-0.016378396132785227,0.007818752610924483,False,BOAFAB,window
logistic+R37,logistic,-0.003723012862196118,-0.007195824545855184,-0.0007338349719636734,True,BOAFAB,window
logistic+R37=glmm,logistic,-3.909826681958162e-05,-0.00016360957543128107,7.501055437980073e-05,False,BOAFAB,window
logistic+R19+R37,logistic,-0.016568136123942256,-0.03015289008939446,-0.005104449327488223,True,BOAFAB,window
logistic+R13,logistic,0.0016424608201627278,-0.003937249433642087,0.007646216712295381,False,BOAFAB,window
loss:focal,logistic,0.00011141872335485026,-0.002342562432529485,0.003374423704447965,False,BOAFAB,window
logistic+R18=64,logistic,-0.003993772880600321,-0.014151498648450953,0.005413440742687069,False,BOAFAB,window
lda_shrunk,logistic,-0.015880041144329504,-0.031585629212468345,-0.0013446743558069543,True,BOAFAB,window
prototype,logistic,-0.17530239574282824,-0.23177253073275905,-0.12387072019571611,True,PHYCUV,recording
knn:k=5,logistic,-0.18365052657010583,-0.23835758555216774,-0.13768142468039576,True,PHYCUV,recording
logistic+R19,logistic,-0.0028972796792882116,-0.01162673403706041,0.006338887781800936,False,PHYCUV,recording
logistic+R20,logistic,-0.003495170034453987,-0.015857642078461853,0.008955956014456696,False,PHYCUV,recording
logistic+R21,logistic,-0.001636993334785064,-0.005204677978655825,0.0022295163337413466,False,PHYCUV,recording
dann,logistic,-0.004654691902911567,-0.027973186693761178,0.014584248286504342,False,PHYCUV,recording
logistic+R37,logistic,-0.004250648737891605,-0.007124984373767051,-0.0020563783113227764,True,PHYCUV,recording
logistic+R37=glmm,logistic,0.00022300529314367434,-0.0005420214813533053,0.0009166912525756076,False,PHYCUV,recording
logistic+R19+R37,logistic,-0.0023359908737325963,-0.010356842977222062,0.005551135630735597,False,PHYCUV,recording
logistic+R13,logistic,0.002533887573007987,-0.0015906660407688344,0.006674499767092679,False,PHYCUV,recording
loss:focal,logistic,-0.001827008024298804,-0.005156041701811595,0.001257287490391681,False,PHYCUV,recording
logistic+R18=64,logistic,-0.003232962004864781,-0.013957284577594686,0.0075385918311124895,False,PHYCUV,recording
lda_shrunk,logistic,-0.0014948047314423674,-0.019591081182822354,0.016748014765980437,False,PHYCUV,recording
prototype,logistic,-0.18697823817517567,-0.24337168051478794,-0.1347207079022877,True,PHYCUV,window
knn:k=5,logistic,-0.2985373477701637,-0.3619154437475776,-0.24367717879414277,True,PHYCUV,window
logistic+R19,logistic,0.004159297776082593,-0.008146274607048223,0.01362994044861677,False,PHYCUV,window
logistic+R20,logistic,0.0016691931837137242,-0.014419304968636245,0.014747150007572221,False,PHYCUV,window
logistic+R21,logistic,-0.002501614043627143,-0.006705796718913762,0.002502920233819974,False,PHYCUV,window
dann,logistic,-0.008092661409825008,-0.03627237184228106,0.015102696870991498,False,PHYCUV,window
logistic+R37,logistic,-0.00341421346033588,-0.0053179967269330695,-0.0015219834841667783,True,PHYCUV,window
logistic+R37=glmm,logistic,0.0005452723169639961,7.337248437649657e-05,0.0009618174913461619,True,PHYCUV,window
logistic+R19+R37,logistic,0.0034118990860652065,-0.006289733534341885,0.011485129061052032,False,PHYCUV,window
logistic+R13,logistic,0.0014048039628974385,-0.0023781211378854747,0.005326999787333461,False,PHYCUV,window
loss:focal,logistic,-0.0017843566904044428,-0.0051563785162660105,0.0013185455617873122,False,PHYCUV,window
logistic+R18=64,logistic,0.009736940935922811,-0.0009153928931874166,0.020444907098663843,False,PHYCUV,window
lda_shrunk,logistic,0.004014216447912999,-0.01701536310222207,0.02448272692374531,False,PHYCUV,window
prototype,logistic,-0.08159704240162424,-0.12335441484567897,-0.04471319915745717,True,PITAZU,recording
knn:k=5,logistic,-0.3423128693949536,-0.3997179799842403,-0.2859412517609365,True,PITAZU,recording
logistic+R19,logistic,-0.31073192220445955,-0.371403862026704,-0.25238666773193635,True,PITAZU,recording
logistic+R20,logistic,-0.37333941222199996,-0.4391084938714169,-0.31151417948415583,True,PITAZU,recording
logistic+R21,logistic,-0.03314655712207748,-0.04377402012477956,-0.023685793684872735,True,PITAZU,recording
dann,logistic,-0.04532422865899621,-0.08361672695381493,-0.010393852484143536,True,PITAZU,recording
logistic+R37,logistic,0.02719723435073962,0.008471046804950288,0.045535137094600345,True,PITAZU,recording
logistic+R37=glmm,logistic,0.018678451357011183,-0.00453345003127073,0.04035083737756746,False,PITAZU,recording
logistic+R19+R37,logistic,-0.09076684420018155,-0.13296605430241698,-0.05190573421884655,True,PITAZU,recording
logistic+R13,logistic,-0.09904613585150313,-0.12786251560313083,-0.07431045210679108,True,PITAZU,recording
loss:focal,logistic,9.399836476642331e-05,-0.00920331641247878,0.01287880989801961,False,PITAZU,recording
logistic+R18=64,logistic,-0.0001471385679099324,-0.024459242120332906,0.026236323639090762,False,PITAZU,recording
lda_shrunk,logistic,-0.06920673769625918,-0.13641972571288186,-0.003621480832639827,True,PITAZU,recording
prototype,logistic,-0.07189870213100236,-0.11213732088362488,-0.029449758287886773,True,PITAZU,window
knn:k=5,logistic,-0.4053407353428655,-0.44862684284519916,-0.3562217641687681,True,PITAZU,window
logistic+R19,logistic,-0.2044722403409882,-0.24173195896614724,-0.1685508599630722,True,PITAZU,window
logistic+R20,logistic,-0.26182822371755954,-0.3004044755419025,-0.22433184860215688,True,PITAZU,window
logistic+R21,logistic,-0.027873847101607452,-0.03261541739578077,-0.023048637070093567,True,PITAZU,window
dann,logistic,-0.12450349846244257,-0.16261272648887315,-0.09058504741695547,True,PITAZU,window
logistic+R37,logistic,0.04454506156813087,0.03362172925055365,0.05615843995463483,True,PITAZU,window
logistic+R37=glmm,logistic,0.042048112762034684,0.030274150491777892,0.05408513767685505,True,PITAZU,window
logistic+R19+R37,logistic,-0.034179524473739176,-0.05607593202210388,-0.012641431688447715,True,PITAZU,window
logistic+R13,logistic,-0.09055021602576119,-0.10935247214113795,-0.07256147791007103,True,PITAZU,window
loss:focal,logistic,-0.005322376373160909,-0.00865129165547518,-0.0017140389365901262,True,PITAZU,window
logistic+R18=64,logistic,-0.06249264807838706,-0.08461335655870987,-0.04275832302902537,True,PITAZU,window
lda_shrunk,logistic,-0.18790454324780137,-0.22148036466416807,-0.15534804246708192,True,PITAZU,window
