species,head,n_sites,level,n_pos,n_neg,ap,ap_lo,ap_hi,ap_fold_mean,n_folds_ap,recall@p0.1_oracle,recall@p0.1,recall@p0.1_lo,recall@p0.1_hi,threshold@p0.1,recall@p0.5_oracle,recall@p0.5,recall@p0.5_lo,recall@p0.5_hi,threshold@p0.5
DENMIN,logistic,4,window,2717,9645,0.9204698591344777,0.8952634691340264,0.93905612671264,0.6888131911714072,3,1.0,0.9654030180345968,0.9578473694865688,0.9716444465750498,-7.739349365234375,0.9429517850570482,0.861244019138756,0.8477344339307249,0.8737335118695746,-2.1025304794311523
DENMIN,logistic,4,recording,266,675,0.9348935835895787,0.910241530268148,0.9542242988561898,0.7118137314569607,3,1.0,0.9736842105263158,0.9466856826897816,0.987195527620267,-7.739349365234375,0.943609022556391,0.9285714285714286,0.89114142264649,0.9537987200149828,-1.483037352561951
DENMIN,prototype,4,window,2717,9645,0.553258107114085,0.4849349783086285,0.6165427894711895,0.6787548358640677,3,1.0,0.8376886271623114,0.8233482010951437,0.8510754772255641,-0.0669667422771453,0.6709606183290394,0.1015826278984173,0.0907797305035443,0.1135105890799257,-0.0227982774376869
DENMIN,prototype,4,recording,266,675,0.5166741414808962,0.4556142728466367,0.5821036250334093,0.7330791488286662,3,1.0,0.8834586466165414,0.8393267520073654,0.9166723230055313,-0.0565578192472457,0.4511278195488721,0.169172932330827,0.1289030716275906,0.2188624322828516,-0.0084424801170825
DENMIN,knn:k=5,4,window,2717,9645,0.4303979762097989,0.3815973625655552,0.481026654230631,0.6313599044925458,3,1.0,0.7526683842473316,0.736095358461031,0.7685279169255259,-0.1241574883460998,0.0114096429885903,0.0931174089068826,0.0827574755926543,0.1046263103653375,0.0318880677223205
DENMIN,knn:k=5,4,recording,266,675,0.4752794797598534,0.4226077859746759,0.5426116432526367,0.699696395357468,3,1.0,0.8796992481203008,0.8351037683905351,0.91348355098498,-0.0832434892654419,0.7368421052631579,0.1428571428571428,0.1058809759427014,0.1900022385060714,-0.0107671022415161
DENMIN,logistic+R19,4,window,2717,9645,0.8005727698778404,0.7583904002634682,0.834026105534448,0.7260929843355418,3,1.0,0.8145012881854987,0.7994448439166945,0.8286696336037903,-8.61451530456543,0.7997791682002209,0.5844681634155319,0.5658308182875423,0.6028669846275557,-0.4427978992462158
DENMIN,logistic+R19,4,recording,266,675,0.863449283742582,0.8275036470834437,0.8925806943716084,0.785061592724194,3,1.0,0.9097744360902256,0.8692616605424819,0.938619703932084,-8.61451530456543,0.8721804511278195,0.7593984962406015,0.7045702282945839,0.8068409106847284,0.1162514686584472
DENMIN,logistic+R20,4,window,2717,9645,0.6042665642612939,0.5427597888032949,0.660986942654493,0.7328570091442752,3,1.0,0.6970923813029076,0.6795453453777929,0.7140828614241026,-6.474578857421875,0.6290025763709974,0.1935958778064041,0.1791755295756289,0.2088814598499958,-0.1859245300292968
DENMIN,logistic+R20,4,recording,266,675,0.6452472402924628,0.587858196240793,0.7049147308221829,0.7702809662922304,3,1.0,0.8045112781954887,0.7526596940015394,0.8476925126263489,-5.940553665161133,0.6428571428571429,0.3721804511278195,0.316295364458807,0.4317049438702276,0.6642351150512695
DENMIN,logistic+R21,4,window,2717,9645,0.920995108341139,0.8959463528570477,0.94002184382526,0.6889829767363684,3,1.0,0.9753404490246596,0.9688033837593462,0.9805352326452252,-6.851645469665527,0.9473684210526316,0.9124033860875966,0.9011822984982872,0.9224599157342503,-1.8013358116149902
DENMIN,logistic+R21,4,recording,266,675,0.9344581701413304,0.9099589985839716,0.9535973317003092,0.7254361136319666,3,1.0,0.981203007518797,0.9567596177018012,0.99194510388301,-6.851645469665527,0.9473684210526316,0.9548872180451128,0.92281408472985,0.974008347393292,-1.3548109531402588
DENMIN,dann,4,window,2717,9645,0.8801722259977561,0.8477156080804162,0.907680747257553,0.6779257796038071,3,1.0,0.9705557600294442,0.9635046601234282,0.9762780894493512,-11.31711483001709,0.9223408170776592,0.3404490246595509,0.322867351799918,0.3584812426937857,-3.8917202949523926
DENMIN,dann,4,recording,266,675,0.912585322932862,0.8843187420393926,0.9349594527864864,0.7275082198029169,3,1.0,0.9774436090225564,0.9516706671057668,0.9896222988416632,-10.677495002746582,0.943609022556391,0.5939849624060151,0.5340366914607192,0.6512571994738142,-2.4541945457458496
DENMIN,logistic+R37,4,window,2717,9645,0.921986915405668,0.8969458677754023,0.9419779875748788,0.6591091449867333,3,1.0,0.9841737210158262,0.97875100930145,0.9882292074079682,-5.263865947723389,0.951048951048951,0.944055944055944,0.9347708869807771,0.9520870616774614,-1.1715712547302246
DENMIN,logistic+R37,4,recording,266,675,0.9353714884508828,0.9116819034753868,0.9538744999716516,0.6839815180490693,3,1.0,0.9849624060150376,0.9619793409851336,0.9941371362370592,-5.263865947723389,0.9473684210526316,0.9699248120300752,0.9417860560929172,0.98468339857975,-0.7131500840187073
DENMIN,logistic+R37=glmm,4,window,2717,9645,0.921291540868552,0.8958629551281668,0.939743121403634,0.6596313961201018,3,1.0,0.97165991902834,0.9647231452836342,0.9772648043272508,-7.075798511505127,0.944423997055576,0.874861980125138,0.8618886484860626,0.8867767644508757,-1.9739367961883545
DENMIN,logistic+R37=glmm,4,recording,266,675,0.93568589660789,0.9115749086562008,0.9544578641267216,0.6843699744833431,3,1.0,0.9774436090225564,0.9516706671057668,0.9896222988416632,-7.075798511505127,0.9511278195488722,0.943609022556391,0.9090548911482972,0.9655322740627008,-1.4317002296447754
DENMIN,logistic+R19+R37,4,window,2717,9645,0.8641592813459305,0.8294065538033077,0.8917371393359035,0.667127021781656,3,1.0,0.917924181082076,0.907003518289254,0.927664696133813,-9.527291297912598,0.9061464850938536,0.186970923813029,0.1727559968731218,0.2020697923238678,-2.8453187942504883
DENMIN,logistic+R19+R37,4,recording,266,675,0.8109083627076705,0.7675069673966205,0.8488519452737063,0.7106404727079653,3,1.0,0.924812030075188,0.8867250353424941,0.9508033516815972,-9.527291297912598,0.8759398496240601,0.3082706766917293,0.2558346633863123,0.3661657991072394,-1.6237237453460691
DENMIN,logistic+R13,4,window,2717,9645,0.9384952314579182,0.9172402716319124,0.9546449241625884,0.6620306809059989,3,1.0,0.9749723960250276,0.9683939654687896,0.9802095842564132,-6.278877258300781,0.9547294810452706,0.9322782480677216,0.92220669368275,0.9411291212356928,-2.12510347366333
DENMIN,logistic+R13,4,recording,266,675,0.9430898371019792,0.9214052397180174,0.9601235060125626,0.7002906857490846,3,1.0,0.981203007518797,0.9567596177018012,0.99194510388301,-6.183524131774902,0.9586466165413534,0.9511278195488722,0.918190939597412,0.9712197368883484,-1.4133799076080322
DENMIN,loss:focal,4,window,2717,9645,0.913225241329108,0.8866841267319446,0.9331814648687792,0.6805498131670218,3,1.0,0.9558336400441664,0.947442833018405,0.9629372493796295,-3.724161148071289,0.9319101950680898,0.8225984541774015,0.8077816104538403,0.8365043340127541,-0.8781471848487854
DENMIN,loss:focal,4,recording,266,675,0.93035360396252,0.9051052454397484,0.9497158526048746,0.7028797209015886,3,1.0,0.9699248120300752,0.9417860560929172,0.98468339857975,-3.724161148071289,0.9360902255639098,0.9285714285714286,0.89114142264649,0.9537987200149828,-0.5485568642616272
DENMIN,logistic+R18=64,4,window,2717,9645,0.8849144295972899,0.8551860228750257,0.910104869441676,0.6589997711132094,3,1.0,0.9543614280456386,0.94585171039869,0.9615881052818702,-2.3574981689453125,0.9260213470739788,0.8167096061832904,0.8017174475051251,0.8308074300915714,-0.9064800143241882
DENMIN,logistic+R18=64,4,recording,266,675,0.9117747854561956,0.88260311654628,0.9361925932404188,0.7568766523245148,3,1.0,0.9661654135338346,0.9369582396464016,0.9820994593888844,-1.5623760223388672,0.9398496240601504,0.924812030075188,0.8867250353424941,0.9508033516815972,-0.6988840699195862
DENMIN,lda_shrunk,4,window,2717,9645,0.887719828383907,0.8564627766868727,0.9159809912354696,0.6928391854885431,3,1.0,0.9885903570114096,0.9838506261768364,0.9919503906850052,-46.853946685791016,0.9352226720647774,0.902465955097534,0.8907352076784846,0.9130602062111,-11.045318603515623
DENMIN,lda_shrunk,4,recording,266,675,0.9246314410697396,0.8970986257310739,0.9476517798732476,0.7358831375971868,3,1.0,0.9887218045112782,0.9673710414943596,0.9961571913652144,-40.494510650634766,0.9473684210526316,0.9699248120300752,0.9417860560929172,0.98468339857975,-7.681905746459961
PITAZU,logistic,4,window,2327,4794,0.6787977837691566,0.6132370495811704,0.7432281785534195,0.4483575017522082,2,1.0,0.8616244091104426,0.8469976526624738,0.8750591357524917,-4.910512447357178,0.8500214868929953,0.0034379028792436,0.0017430448291091,0.0067695885476076,-1.2762067317962646
PITAZU,logistic,4,recording,187,502,0.7114806894300115,0.6463642577575028,0.7921686433125483,0.6275953414467955,2,1.0,0.7807486631016043,0.7161247303599525,0.8340697764980911,-4.140373229980469,0.9732620320855616,0.0267379679144385,0.0114735908480844,0.061055669019785,-1.2995874881744385
PITAZU,prototype,4,window,2327,4794,0.467537296186938,0.4074224999389926,0.5480349854703167,0.3424390642644707,2,1.0,0.9565964761495488,0.947537466888142,0.964150397272168,-0.0644174963235855,0.2960893854748603,0.0008594757198109,0.0002357259590199,0.0031285524200856,0.0045861122198402
PITAZU,prototype,4,recording,187,502,0.576980937661568,0.509988491239622,0.6580848956007239,0.541672166593893,2,1.0,0.9732620320855616,0.938944330980215,0.9885264091519156,-0.0571623891592025,0.962566844919786,0.0213903743315508,0.0083488550562389,0.0537005094429059,-0.0218022298067808
PITAZU,knn:k=5,4,window,2327,4794,0.4028944900385854,0.346492915325682,0.4646035046033738,0.4042399713081365,2,1.0,0.3356252685861624,0.3167237645593849,0.3550686043429034,-0.1805265247821808,0.2015470562956596,0.0081650193382036,0.0052333848772977,0.0127178993283728,-0.0177808403968811
PITAZU,knn:k=5,4,recording,187,502,0.4830510114561157,0.4153898331588498,0.5649270228405979,0.6168275821679778,2,1.0,0.4705882352941176,0.4003609190926683,0.541999656379346,-0.104099690914154,0.5401069518716578,0.0481283422459893,0.0255238786943309,0.088924962648437,-0.0143472552299499
PITAZU,logistic+R19,4,window,2327,4794,0.5375518910019307,0.481095291672348,0.5968328817972303,0.4675738633325807,2,1.0,0.0562956596476149,0.0476410244760301,0.0664128863517155,-5.932718753814697,0.7563386334336055,0.0223463687150838,0.01708158327019,0.0291856534223419,-2.244180917739868
PITAZU,logistic+R19,4,recording,187,502,0.4200022885327801,0.3557920930983183,0.4922122250532168,0.6403038303087145,2,1.0,0.2192513368983957,0.1659302235019089,0.2838752696400475,-3.2886404991149902,0.1229946524064171,0.0695187165775401,0.0410735226484915,0.115294900169175,1.5601754188537598
PITAZU,logistic+R20,4,window,2327,4794,0.44518118366068,0.3972036310631486,0.4971372151195589,0.4528210673019696,2,1.0,0.0171895143962183,0.012648851642942,0.0233216750543676,-4.875925064086914,0.6639449935539321,0.0141813493768801,0.0101155583060296,0.0198485542274003,-2.114359140396118
PITAZU,logistic+R20,4,recording,187,502,0.2505552652602204,0.2130230432945516,0.2930148512200991,0.6312557844182148,2,1.0,0.0481283422459893,0.0255238786943309,0.088924962648437,-2.800412178039551,0.0160427807486631,0.0481283422459893,0.0255238786943309,0.088924962648437,4.012731075286865
PITAZU,logistic+R21,4,window,2327,4794,0.6571233598841733,0.5930931999613213,0.7225842938477719,0.434288856648035,2,1.0,0.7610657498925655,0.7433180162242063,0.7779529272839238,-4.871932506561279,0.8147829823807478,0.0034379028792436,0.0017430448291091,0.0067695885476076,-1.4366334676742554
PITAZU,logistic+R21,4,recording,187,502,0.6943325204914403,0.6314629388984088,0.7775744624489223,0.6237033714857533,2,1.0,0.9518716577540108,0.9110750373515628,0.9744761213056692,-3.882258415222168,0.962566844919786,0.0320855614973262,0.0147862322118732,0.0682229230247208,-1.3461682796478271
PITAZU,dann,4,window,2327,4794,0.5092952486348769,0.4492359156347645,0.574217170582781,0.3674830203123229,2,1.0,0.9265148259561669,0.9151953973349024,0.936428325186611,-11.452207565307615,0.6617963042544048,0.0030081650193382,0.0014579023546834,0.0061966718557648,-2.1243245601654053
PITAZU,dann,4,recording,187,502,0.6021709363003614,0.5353226004061051,0.6844519816934387,0.604805180279194,2,1.0,0.9679144385026738,0.9317770769752792,0.9852137677881267,-10.18112850189209,0.9732620320855616,0.0320855614973262,0.0147862322118732,0.0682229230247208,-2.4401471614837646
PITAZU,logistic+R37,4,window,2327,4794,0.7118058449300801,0.6499353641937221,0.771953066006997,0.4676428054706616,2,1.0,0.9480017189514396,0.938219538006633,0.9563071428283064,-8.555234909057617,0.8964331757627847,0.0008594757198109,0.0002357259590199,0.0031285524200856,-3.24555778503418
PITAZU,logistic+R37,4,recording,187,502,0.6925747721716592,0.6304755295721884,0.7711960990046015,0.6387750227501097,2,1.0,0.9572192513368984,0.9178653304531158,0.9781657235728408,-7.797913551330566,0.9679144385026738,0.0160427807486631,0.0054706374626,0.0460988316678201,-3.434364557266236
PITAZU,logistic+R37=glmm,4,window,2327,4794,0.7131740227559114,0.6510044428214802,0.7735775299844256,0.4676428054706616,2,1.0,0.9480017189514396,0.938219538006633,0.9563071428283064,-8.555234909057617,0.8964331757627847,0.0008594757198109,0.0002357259590199,0.0031285524200856,-3.24555778503418
PITAZU,logistic+R37=glmm,4,recording,187,502,0.6994542433440277,0.6361596737868046,0.7764857497914883,0.6387750227501097,2,1.0,0.9572192513368984,0.9178653304531158,0.9781657235728408,-7.797913551330566,0.9679144385026738,0.0160427807486631,0.0054706374626,0.0460988316678201,-3.434364557266236
PITAZU,logistic+R19+R37,4,window,2327,4794,0.6932357482380112,0.632196174912094,0.7519109503532061,0.4707692153448277,2,1.0,0.4069617533304684,0.3871702497539233,0.4270599407489405,-7.556962013244629,0.8500214868929953,0.0103137086377309,0.0069405144513004,0.0153010655857128,-4.39312744140625
PITAZU,logistic+R19+R37,4,recording,187,502,0.6999759691978769,0.6325325727530987,0.7774379874452113,0.6412329339132501,2,1.0,0.2459893048128342,0.1897853755086784,0.3124195944769011,-5.333226680755615,0.8556149732620321,0.0427807486631016,0.0218342764271592,0.0821346695468841,-3.206462860107422
PITAZU,logistic+R13,4,window,2327,4794,0.5727357232695064,0.5081075237630532,0.6401648649663052,0.3768947144782394,2,1.0,0.4232917920068758,0.4033593566323328,0.4434770821887351,-5.067897796630859,0.6527718091963902,0.0060163300386764,0.003587180930323,0.0100738074440049,-1.471620798110962
PITAZU,logistic+R13,4,recording,187,502,0.6231848436927071,0.5572693667244573,0.7038167771714093,0.5320632683047911,2,1.0,0.5347593582887701,0.4632880959659151,0.6048312239307951,-3.74320650100708,0.8716577540106952,0.0427807486631016,0.0218342764271592,0.0821346695468841,-1.121924877166748
PITAZU,loss:focal,4,window,2327,4794,0.6806374202049992,0.6150988113157437,0.7454296859088803,0.4450730507337569,2,1.0,0.827245380318006,0.8113492631332788,0.8420627919802046,-2.241729974746704,0.8491620111731844,0.0034379028792436,0.0017430448291091,0.0067695885476076,-0.6196045875549316
PITAZU,loss:focal,4,recording,187,502,0.7147757530343457,0.6487732360729517,0.7948790452775064,0.6271931794463049,2,1.0,0.786096256684492,0.7218738088392376,0.8388005933875307,-1.8594529628753664,0.962566844919786,0.0267379679144385,0.0114735908480844,0.061055669019785,-0.5313190221786499
PITAZU,logistic+R18=64,4,window,2327,4794,0.6680181829797178,0.6117622929315517,0.7283597102630814,0.3980170030424808,2,1.0,0.3841856467554791,0.3646288759664091,0.4041241787242228,-2.059741497039795,0.8061882251826386,0.0042973785990545,0.0023359203676403,0.0078928313416135,-0.5285053253173828
PITAZU,logistic+R18=64,4,recording,187,502,0.7040705447460144,0.6343150188472468,0.7841100329540183,0.5438645367800522,2,1.0,0.679144385026738,0.6092100431561992,0.7418664516960763,-1.4303635358810425,0.9358288770053476,0.0374331550802139,0.0182486268994792,0.0752404237058395,-0.4087992906570434
PITAZU,lda_shrunk,4,window,2327,4794,0.5377347350921539,0.4788261486371597,0.6032401172631541,0.3552949093643294,2,1.0,0.4765792866351525,0.4563413634420489,0.4968944119963163,-257.2861328125,0.4877524709926945,0.0154705629565964,0.0111955635182885,0.021342726513947,-13.225547790527344
PITAZU,lda_shrunk,4,recording,187,502,0.7070948403777662,0.6414061476236592,0.7697010860585081,0.4887920026138448,2,1.0,0.8716577540106952,0.8161357524222259,0.9122169757041364,-97.65126037597656,0.8663101604278075,0.0481283422459893,0.0255238786943309,0.088924962648437,-9.163772583007812
PHYCUV,logistic,4,window,1674,17610,0.583767290733482,0.5070145645425054,0.6522063502656767,0.6637929963850953,3,0.9922341696535244,0.9898446833930704,0.9837963218064352,0.9936499401052972,-5.425595283508301,0.6212664277180406,0.477299880525687,0.4534515422790675,0.501252167534779,-0.6576356887817383
PHYCUV,logistic,4,recording,184,998,0.6748674617918904,0.6143221914317488,0.7360858352771167,0.7952209417196671,3,1.0,0.9945652173913044,0.9698614503605404,0.9990400070376078,-4.622710704803467,0.7336956521739131,0.6630434782608695,0.5920312862969785,0.7273867765815318,0.1523973941802978
PHYCUV,prototype,4,window,1674,17610,0.2505185507753609,0.2039436791717559,0.3057439048023675,0.4012901845723351,3,0.97610513739546,0.9438470728793308,0.9317682215028792,0.9538934524000684,-0.0561777874827384,0.007168458781362,0.0866188769414575,0.0740731162467798,0.1010575993106363,0.0136183183640241
PHYCUV,prototype,4,recording,184,998,0.3114711955352615,0.2608774668837921,0.3780554328113243,0.5319320969667681,3,1.0,0.8152173913043478,0.7528932715635797,0.8646483166682071,-0.0511466786265373,0.0163043478260869,0.1630434782608695,0.1166592001327812,0.2232101365849639,0.0232589934021234
PHYCUV,knn:k=5,4,window,1674,17610,0.1994065572753329,0.1595217292390204,0.2442575182536873,0.3455476274151602,3,0.995221027479092,0.6887694145758662,0.666178659288682,0.7104957538382781,-0.1281129121780395,0.048984468339307,0.064516129032258,0.0537157278460433,0.077310705161697,0.0086299777030944
PHYCUV,knn:k=5,4,recording,184,998,0.3808502393855851,0.3184058343025236,0.4478923068422129,0.5158436463220252,3,1.0,0.9891304347826086,0.9612400316909088,0.9970141569446224,-0.0701420903205871,0.1793478260869565,0.233695652173913,0.1783791249922923,0.299904705639474,0.0098230838775634
PHYCUV,logistic+R19,4,window,1674,17610,0.6003516638136973,0.5243317326232905,0.6685193637784695,0.6708135025880689,3,0.989247311827957,0.991636798088411,0.9860105408347812,0.9950117439863844,-5.014527320861816,0.6433691756272402,0.4982078853046595,0.4742872162288043,0.5221367608617625,-0.4043929576873779
PHYCUV,logistic+R19,4,recording,184,998,0.6858705188203592,0.6271075541752787,0.7441304977419348,0.8059379870383587,3,1.0,0.9945652173913044,0.9698614503605404,0.9990400070376078,-4.156643867492676,0.7717391304347826,0.6630434782608695,0.5920312862969785,0.7273867765815318,0.3807046413421631
PHYCUV,logistic+R20,4,window,1674,17610,0.6779639929048024,0.6107394920471428,0.7397766587075664,0.677068992682135,3,0.989247311827957,0.9898446833930704,0.9837963218064352,0.9936499401052972,-4.976658821105957,0.6768219832735962,0.6415770609318996,0.6183048311673613,0.6642009786778587,-0.6525373458862305
PHYCUV,logistic+R20,4,recording,184,998,0.7887629009471323,0.7378207414154102,0.8386869513352834,0.8216661922193987,3,1.0,0.9891304347826086,0.9612400316909088,0.9970141569446224,-4.885722160339356,0.8152173913043478,0.7717391304347826,0.7059028907095305,0.8264605474213201,0.1027252674102783
PHYCUV,logistic+R21,4,window,1674,17610,0.6251968106319413,0.5508797325549221,0.6936151342926357,0.6738417037339598,3,0.9886499402628436,0.994026284348865,0.9890383181781544,0.996751997188922,-5.106303215026856,0.6571087216248507,0.5543608124253285,0.5304529174733744,0.5780197774460983,-0.4849481582641601
PHYCUV,logistic+R21,4,recording,184,998,0.7043701863386495,0.6455191548799294,0.7615526566170434,0.8007388189689887,3,1.0,0.9945652173913044,0.9698614503605404,0.9990400070376078,-4.420823574066162,0.7554347826086957,0.7119565217391305,0.6427154722240082,0.7725280095180554,0.3250765800476074
PHYCUV,dann,4,window,1674,17610,0.3598627321996193,0.2967601428818129,0.4274311696137078,0.5729367365056429,3,0.9910394265232976,0.8835125448028673,0.8672587157189506,0.898010186899747,-6.442875862121582,0.2323775388291517,0.2473118279569892,0.2272374842992492,0.2685432854706742,4.587863922119141
PHYCUV,dann,4,recording,184,998,0.427467769506416,0.3594456690667313,0.4945945775488114,0.6646953324667416,3,1.0,0.9945652173913044,0.9698614503605404,0.9990400070376078,-4.258404731750488,0.1739130434782608,0.1576086956521739,0.1120343143279243,0.2171877536272037,6.975155830383301
PHYCUV,logistic+R37,4,window,1674,17610,0.5921181810459406,0.5161538988310768,0.6593366219772862,0.6589362209552939,3,0.9934289127837514,0.98805256869773,0.9816175252177114,0.9922527137845876,-2.24800968170166,0.6194743130227002,0.507168458781362,0.4832295735223663,0.5310745181153663,2.494809150695801
PHYCUV,logistic+R37,4,recording,184,998,0.6887646440885934,0.6290556109545601,0.7476756525558859,0.7925356878467946,3,1.0,0.9945652173913044,0.9698614503605404,0.9990400070376078,-1.3125215768814087,0.7445652173913043,0.6630434782608695,0.5920312862969785,0.7273867765815318,3.2827539443969727
PHYCUV,logistic+R37=glmm,4,window,1674,17610,0.5876771081324015,0.5108714315926972,0.6558149433211118,0.6613899662392289,3,0.9934289127837514,0.98805256869773,0.9816175252177114,0.9922527137845876,-5.402978897094727,0.6164874551971327,0.4898446833930704,0.4659479334316063,0.5137879367482725,-0.5774166584014893
PHYCUV,logistic+R37=glmm,4,recording,184,998,0.6806729962899549,0.6212199370400566,0.7409811612822128,0.7936509018958633,3,1.0,0.9945652173913044,0.9698614503605404,0.9990400070376078,-4.497575759887695,0.7336956521739131,0.6521739130434783,0.5808788040989059,0.7172447212543704,0.2491242885589599
PHYCUV,logistic+R19+R37,4,window,1674,17610,0.5189019769195747,0.4359137246701938,0.5975313915946008,0.6623219102544428,3,0.9372759856630823,0.8655913978494624,0.8484117419462857,0.8810969315780804,-4.272807121276856,0.5376344086021505,0.3309438470728793,0.3088117070402512,0.3538501318365534,2.53336238861084
PHYCUV,logistic+R19+R37,4,recording,184,998,0.5798761517180543,0.5084849919936862,0.6463652898918051,0.7970847725461899,3,1.0,0.8206521739130435,0.7588398616163569,0.869348995378047,-5.139071464538574,0.5543478260869565,0.4239130434782608,0.3547807688085424,0.4961574685148194,3.9396023750305176
PHYCUV,logistic+R13,4,window,1674,17610,0.5539061489547417,0.4746086179481137,0.6260726265297045,0.6488214442641151,3,0.9886499402628436,0.9874551971326164,0.980897792153052,0.9917804392127696,-5.331265926361084,0.6039426523297491,0.4181600955794504,0.394744470539205,0.4419504832633471,-0.6187498569488525
PHYCUV,logistic+R13,4,recording,184,998,0.6631801504613326,0.6007182773095354,0.7248390995504332,0.7861194765095832,3,1.0,0.9891304347826086,0.9612400316909088,0.9970141569446224,-4.94325065612793,0.7391304347826086,0.5978260869565217,0.5256748408061128,0.6659759969209934,0.113091230392456
PHYCUV,loss:focal,4,window,1674,17610,0.5901329442853255,0.514009710826802,0.6568025582989847,0.6645459413352724,3,0.9922341696535244,0.9898446833930704,0.9837963218064352,0.9936499401052972,-2.4563913345336914,0.6236559139784946,0.4922341696535245,0.4683299040202882,0.5161739967055015,-0.2933486700057983
PHYCUV,loss:focal,4,recording,184,998,0.6806906633058158,0.6221627265438444,0.7390981510859624,0.7941175224394573,3,1.0,0.9945652173913044,0.9698614503605404,0.9990400070376078,-2.056206464767456,0.7445652173913043,0.6847826086956522,0.6144543482236752,0.7475527897053033,0.1145199537277221
PHYCUV,logistic+R18=64,4,window,1674,17610,0.5352212646444252,0.4551689078179001,0.6142682610291559,0.6159661615333314,3,0.90442054958184,0.9743130227001194,0.9655796948291244,0.980874368534187,-3.378627300262451,0.5997610513739546,0.4127837514934289,0.3894244603889542,0.4365424246852983,0.1183065176010131
PHYCUV,logistic+R18=64,4,recording,184,998,0.641207606097048,0.5733844738293643,0.7068237471685501,0.7710615407869291,3,1.0,0.9836956521739132,0.9531669982400932,0.9944399216328212,-4.698803901672363,0.7282608695652174,0.6413043478260869,0.569764506346035,0.7070644814820073,0.656109094619751
PHYCUV,lda_shrunk,4,window,1674,17610,0.6266653048069528,0.5500093930510369,0.6971429181652726,0.66502361529219,3,0.927120669056153,0.948626045400239,0.936985743499206,0.9582119914955636,-27.50777244567871,0.6230585424133811,0.5830346475507766,0.5592510585730669,0.6064380028973365,-7.0511980056762695
PHYCUV,lda_shrunk,4,recording,184,998,0.7527674693457433,0.695840313338421,0.8028726619809735,0.7979604804128512,3,1.0,0.967391304347826,0.9306937906666768,0.9849713229183864,-27.252174377441406,0.75,0.7282608695652174,0.6598036358225747,0.7873816522073398,-1.4982328414916992
LEPLAT,logistic,4,window,2243,8560,0.3411055503761533,0.2813197287461461,0.4090007342085491,0.3623945614798202,2,1.0,0.9835042353990192,0.977346298118798,0.9880088030151672,-9.05893325805664,0.0,0.0,-1.0842021724855044e-19,0.0017097778499383,inf
LEPLAT,logistic,4,recording,188,723,0.4047410553356237,0.3516436581567893,0.4717746043567841,0.4804860509620451,2,1.0,0.973404255319149,0.9392610869519062,0.9885877216485226,-5.499926567077637,0.0,0.0,1.734723475976807e-18,0.0200248538377494,inf
LEPLAT,prototype,4,window,2243,8560,0.501862585715882,0.4231228638998783,0.5773726697452111,0.329227725287867,2,1.0,0.9866250557289344,0.9809707345722914,0.9906153354025568,-0.0716294273734092,0.5354436023183237,0.0,-1.0842021724855044e-19,0.0017097778499383,-0.0018935017287731
LEPLAT,prototype,4,recording,188,723,0.5717438134483503,0.5010707084519341,0.6495608659634654,0.3794394577417944,2,1.0,0.9361702127659576,0.8917584807627845,0.9631134552510936,-0.0555246509611606,0.7393617021276596,0.0,1.734723475976807e-18,0.0200248538377494,-0.0025376062840223
LEPLAT,knn:k=5,4,window,2243,8560,0.2393281763806459,0.2018810642215271,0.276978924347028,0.1805615718802808,2,1.0,0.5760142666072224,0.5554494766339273,0.5963191215618688,-0.3052760362625122,0.0,0.0,-1.0842021724855044e-19,0.0017097778499383,inf
LEPLAT,knn:k=5,4,recording,188,723,0.2448337857209391,0.210203510757339,0.2864634346165231,0.2351163203392194,2,1.0,0.0638297872340425,0.0368865447489063,0.1082415192372154,-0.1874836087226867,0.0,0.0,1.734723475976807e-18,0.0200248538377494,inf
LEPLAT,logistic+R19,4,window,2243,8560,0.2304177880666917,0.1941578247113001,0.2717584649804639,0.4069380964090784,2,1.0,0.045920641997325,0.0380072851442132,0.0553867485072911,-5.810825347900391,0.0142666072224699,0.043691484618814,0.0359835879985778,0.0529597536237243,2.5724809169769287
LEPLAT,logistic+R19,4,recording,188,723,0.1787311843073933,0.1490415172888498,0.2198810505025394,0.5298774024655085,2,1.0,0.0638297872340425,0.0368865447489063,0.1082415192372154,-4.242376327514648,0.0319148936170212,0.0638297872340425,0.0368865447489063,0.1082415192372154,3.2193446159362797
LEPLAT,logistic+R20,4,window,2243,8560,0.2218992055535566,0.1873223365696919,0.2622727946059739,0.3997500864737242,2,1.0,0.0454748105216228,0.0376020911858214,0.0549018040598424,-5.86554765701294,0.0178332590280873,0.0,-1.0842021724855044e-19,0.0017097778499383,2.3921713829040527
LEPLAT,logistic+R20,4,recording,188,723,0.173567526573435,0.1451059865621042,0.2142221000061657,0.5053713816742847,2,1.0,0.0638297872340425,0.0368865447489063,0.1082415192372154,-4.00767707824707,0.0212765957446808,0.0,1.734723475976807e-18,0.0200248538377494,4.10975456237793
LEPLAT,logistic+R21,4,window,2243,8560,0.2379830742789166,0.1987916710422379,0.2885258840423121,0.3133737987625056,2,1.0,0.9919750334373608,0.9873499040246704,0.9949178268202632,-8.523077964782715,0.0,0.0,-1.0842021724855044e-19,0.0017097778499383,inf
LEPLAT,logistic+R21,4,recording,188,723,0.2923074822097937,0.252696270499787,0.340974855109404,0.4029111246536689,2,1.0,0.925531914893617,0.8788954033839883,0.955125997605161,-5.074923515319824,0.0,0.0,1.734723475976807e-18,0.0200248538377494,inf
LEPLAT,dann,4,window,2243,8560,0.2405908467604311,0.2020350505866212,0.28440880145946,0.26359340756166,2,1.0,0.7258136424431565,0.7069773784669129,0.7438777240912737,-10.967307090759276,0.0,0.0,-1.0842021724855044e-19,0.0017097778499383,inf
LEPLAT,dann,4,recording,188,723,0.329098811015441,0.2842943902523605,0.3865699053799763,0.4142191147989729,2,1.0,0.7180851063829787,0.6498988578061278,0.7775371102008113,-9.076159477233888,0.0,0.0,1.734723475976807e-18,0.0200248538377494,inf
LEPLAT,logistic+R37,4,window,2243,8560,0.3412358817856668,0.2862787602887981,0.4004393518203513,0.3951144077481291,2,1.0,0.8956754346856888,0.8823410764398224,0.9076567587435744,-7.564524173736572,0.0,0.0271957200178332,0.0212300737984437,0.0347781468077618,inf
LEPLAT,logistic+R37,4,recording,188,723,0.2885252563412036,0.2487755019086242,0.339421837273627,0.5160099819432908,2,1.0,0.1436170212765957,0.1006156272514033,0.2008914494201841,-4.893992900848389,0.0,0.0,1.734723475976807e-18,0.0200248538377494,inf
LEPLAT,logistic+R37=glmm,4,window,2243,8560,0.3824061739361673,0.3167233435494865,0.4497163988437699,0.3932625384495541,2,1.0,0.9915292019616584,0.986807201115508,0.9945703913235852,-9.96970558166504,0.0878288007133303,0.0040124832813196,0.0021124069748058,0.0076086165276965,-2.967236042022705
LEPLAT,logistic+R37=glmm,4,recording,188,723,0.3822435689111185,0.331556191680895,0.4393868297650942,0.5135930620328858,2,1.0,0.9680851063829788,0.932130687404883,0.9852928536831814,-6.450462341308594,0.0,0.0,1.734723475976807e-18,0.0200248538377494,inf
LEPLAT,logistic+R19+R37,4,window,2243,8560,0.2762059313120371,0.231859706333694,0.3249687039530757,0.4027707527772152,2,1.0,0.1711992866696388,0.1561756816139685,0.1873472440787016,-7.147051334381104,0.0156041016495764,0.0410164957646009,0.0335630219138263,0.0500394892734331,-0.5629842281341553
LEPLAT,logistic+R19+R37,4,recording,188,723,0.2263593918043657,0.1890167449683411,0.2723064929681673,0.5229156446641899,2,1.0,0.0691489361702127,0.0408526260248942,0.1147007054735919,-5.58575439453125,0.0106382978723404,0.0638297872340425,0.0368865447489063,0.1082415192372154,2.074291229248047
LEPLAT,logistic+R13,4,window,2243,8560,0.2068113094635833,0.1752313030936097,0.2438381328954183,0.1867257502080788,2,1.0,0.9794917521176996,0.9727543651058256,0.9845894903755756,-9.598969459533691,0.0,0.0,-1.0842021724855044e-19,0.0017097778499383,inf
LEPLAT,logistic+R13,4,recording,188,723,0.2775118741147971,0.2423013182422236,0.3213753542974419,0.2957200443687311,2,1.0,0.8829787234042553,0.8291801494693465,0.921439111420888,-6.079293727874756,0.0,0.0,1.734723475976807e-18,0.0200248538377494,inf
LEPLAT,loss:focal,4,window,2243,8560,0.345295791025405,0.2851205971265137,0.4121290849584234,0.3637837247137915,2,1.0,0.98573339277753,0.979929522327601,0.9898762708355666,-4.026269912719727,0.0450289790459206,0.0,-1.0842021724855044e-19,0.0017097778499383,-0.4577268362045288
LEPLAT,loss:focal,4,recording,188,723,0.4043096952817442,0.3492264612335812,0.4721059618645855,0.4700772289396066,2,1.0,0.9787234042553192,0.9465783586812456,0.9916957174315472,-2.447052478790283,0.0,0.0,1.734723475976807e-18,0.0200248538377494,inf
LEPLAT,logistic+R18=64,4,window,2243,8560,0.2346050452933824,0.1972973231718417,0.2798143559278288,0.2856014372672031,2,1.0,0.9460543914400356,0.935919385946228,0.9546640890971396,-3.083350419998169,0.0,0.0,-1.0842021724855044e-19,0.0017097778499383,inf
LEPLAT,logistic+R18=64,4,recording,188,723,0.2770585487696801,0.2397856508405768,0.3317168233628884,0.4149604928993876,2,1.0,0.4627659574468085,0.3929494814463311,0.5340736459671183,-1.9226055145263672,0.0,0.0,1.734723475976807e-18,0.0200248538377494,inf
LEPLAT,lda_shrunk,4,window,2243,8560,0.2602595636874626,0.2121403286246914,0.3120225232640984,0.2867437100754985,2,1.0,0.2206865804725813,0.2040094795705987,0.238318809170361,-138.33111572265625,0.0102541239411502,0.1065537226928221,0.0944505358802861,0.1200023209655191,29.27753448486328
LEPLAT,lda_shrunk,4,recording,188,723,0.3383456594777588,0.2790930294640057,0.4137878278190731,0.3175990780578549,2,1.0,0.4893617021276595,0.4188358283333701,0.5603136366419011,-57.98956298828125,0.2340425531914893,0.0,1.734723475976807e-18,0.0200248538377494,12.62688446044922
BOAFAB,logistic,4,window,3104,14187,0.9634279104625244,0.9441547419569222,0.9791553938651822,0.9624567643209272,2,1.0,0.990979381443299,0.9869934112565218,0.9937515533517132,-4.843509674072266,0.975193298969072,0.9748711340206184,0.9687500903794392,0.9798182021615964,-1.603955626487732
BOAFAB,logistic,4,recording,193,726,0.9716527730447816,0.9538074321771952,0.9853751547877806,0.9725663409266284,2,1.0,0.9948186528497408,0.9712385440205952,0.9990848022639296,-1.9331159591674805,0.9792746113989638,0.9740932642487048,0.9407968202860344,0.9888847104473064,-0.6155996322631836
BOAFAB,prototype,4,window,3104,14187,0.9155847800631228,0.8851476821941985,0.9429679334897622,0.9596903342471556,2,1.0,0.9906572164948454,0.9866143580787848,0.993487073088106,-0.071959838271141,0.9159149484536082,0.9175257731958762,0.9073243857231992,0.9266949542586066,-0.0101041309535503
BOAFAB,prototype,4,recording,193,726,0.9150300721312284,0.8850281200728164,0.94225144577881,0.9669976826995113,2,1.0,0.9481865284974094,0.9072632977873528,0.9716159635070076,-0.0374484434723854,0.917098445595855,0.8860103626943006,0.8334456840906161,0.9235081305501917,0.0021055974066257
BOAFAB,knn:k=5,4,window,3104,14187,0.938149798002182,0.9146369051138156,0.9592473274338073,0.9363687915660356,2,1.0,0.9945231958762888,0.9912461221983704,0.996577710264648,-0.1349003314971923,0.9445876288659794,0.944909793814433,0.936319448009552,0.9524002344864928,-0.0440093278884887
BOAFAB,knn:k=5,4,recording,193,726,0.946735396678096,0.9211013228015924,0.968181549624772,0.9461890040841332,2,1.0,0.9896373056994818,0.9630092727000982,0.9971536196966309,-0.0737122893333435,0.9481865284974094,0.927461139896373,0.8819355709364761,0.9563018748067,-0.0184805989265441
BOAFAB,logistic+R19,4,window,3104,14187,0.9585229651964388,0.9388358814658492,0.9756097848085478,0.9616564323186264,2,1.0,0.9977448453608248,0.9953519852698858,0.9989071816065728,-5.305869102478027,0.9729381443298968,0.9632731958762888,0.9560628809832242,0.9693382076694278,-2.5716657638549805
BOAFAB,logistic+R19,4,recording,193,726,0.9679541235124508,0.949534004969258,0.9828131880000502,0.9727425325624308,2,1.0,0.9948186528497408,0.9712385440205952,0.9990848022639296,-2.4175190925598145,0.9792746113989638,0.9689119170984456,0.9338451536160308,0.985675923229514,-1.2911717891693115
BOAFAB,logistic+R20,4,window,3104,14187,0.9563332673548618,0.9357542611038938,0.9750472511820242,0.9599940874149662,2,1.0,0.9971005154639176,0.9944982809089226,0.998473819084848,-5.496250152587891,0.9648840206185568,0.9594072164948454,0.9518778518783964,0.9658008354781278,-2.400774478912353
BOAFAB,logistic+R20,4,recording,193,726,0.9674496375027992,0.9481745884776718,0.9829182617855244,0.9727200689519492,2,1.0,0.9948186528497408,0.9712385440205952,0.9990848022639296,-2.7250640392303467,0.9792746113989638,0.9637305699481864,0.9270383937247004,0.982322229233048,-1.3467857837677002
BOAFAB,logistic+R21,4,window,3104,14187,0.9627820540349672,0.943686024210182,0.978952191480562,0.9628979805850348,2,1.0,0.9974226804123713,0.994922168623658,0.9986934648114566,-5.1293768882751465,0.9739046391752576,0.9700386597938144,0.9634357572509424,0.9754795336699332,-2.205286264419556
BOAFAB,logistic+R21,4,recording,193,726,0.9703762849686371,0.9520942349635098,0.9843024505537072,0.971836908979639,2,1.0,0.9948186528497408,0.9712385440205952,0.9990848022639296,-2.2667548656463623,0.9844559585492229,0.9740932642487048,0.9407968202860344,0.9888847104473064,-1.061237096786499
BOAFAB,dann,4,window,3104,14187,0.9522527088379334,0.9314701597820084,0.9702930661880744,0.9521436849240664,2,1.0,0.998389175257732,0.9962344617988104,0.999311771960336,-9.251445770263672,0.962306701030928,0.9590850515463918,0.951529896005296,0.965505257909884,-2.990102529525757
BOAFAB,dann,4,recording,193,726,0.9683633049555423,0.9490387294474504,0.9831800446433282,0.9678347904436944,2,1.0,0.9948186528497408,0.9712385440205952,0.9990848022639296,-2.618440628051758,0.9740932642487048,0.9585492227979274,0.9203508685218648,0.9788493005480878,-0.8755068778991699
BOAFAB,logistic+R37,4,window,3104,14187,0.961792922347315,0.9425521533421408,0.9778048674534756,0.9623703180060554,2,1.0,0.9919458762886598,0.9881369562849868,0.99453860864728,-6.723057746887207,0.976159793814433,0.9755154639175256,0.9694623554244938,0.9803930039992296,-3.550837993621826
BOAFAB,logistic+R37,4,recording,193,726,0.964816529316304,0.9455914270747332,0.9800702855891033,0.9731643828716696,2,1.0,0.9948186528497408,0.9712385440205952,0.9990848022639296,-3.550837993621826,0.9740932642487048,0.9637305699481864,0.9270383937247004,0.982322229233048,-2.313913106918335
BOAFAB,logistic+R37=glmm,4,window,3104,14187,0.9633582580050254,0.944153434534495,0.9790965894666565,0.962485258279653,2,1.0,0.990979381443299,0.9869934112565218,0.9937515533517132,-4.960959434509277,0.975193298969072,0.975193298969072,0.9691061038833856,0.9801057220989938,-1.7403991222381592
BOAFAB,logistic+R37=glmm,4,recording,193,726,0.9716595370486532,0.954092300590608,0.9854299260493276,0.9726648498815158,2,1.0,0.9948186528497408,0.9712385440205952,0.9990848022639296,-2.0165109634399414,0.9792746113989638,0.9689119170984456,0.9338451536160308,0.985675923229514,-0.7084441184997559
BOAFAB,logistic+R19+R37,4,window,3104,14187,0.956849965487074,0.9372900728299488,0.97360780469061,0.9622484552670754,2,1.0,0.9964561855670104,0.9936650015603132,0.9980200315507696,-7.653558731079102,0.9748711340206184,0.9700386597938144,0.9634357572509424,0.9754795336699332,-4.734513759613037
BOAFAB,logistic+R19+R37,4,recording,193,726,0.9430664280282142,0.9172137551880324,0.9649639656725574,0.9732296217554977,2,1.0,0.9948186528497408,0.9712385440205952,0.9990848022639296,-4.473085880279541,0.9792746113989638,0.9533678756476685,0.9137638788155464,0.97527583636661,-3.5560147762298584
BOAFAB,logistic+R13,4,window,3104,14187,0.959728291239257,0.9395563257011468,0.9765601366391148,0.9591585473900646,2,1.0,0.9974226804123713,0.994922168623658,0.9986934648114566,-6.342480182647705,0.9677835051546392,0.965528350515464,0.9585129848953652,0.9713928378466948,-2.782883405685425
BOAFAB,logistic+R13,4,recording,193,726,0.965940038714074,0.9461961596396942,0.9814169903586668,0.9666683713284894,2,1.0,0.9948186528497408,0.9712385440205952,0.9990848022639296,-4.108324527740479,0.9792746113989638,0.9740932642487048,0.9407968202860344,0.9888847104473064,-1.757238507270813
BOAFAB,loss:focal,4,window,3104,14187,0.9608698493967134,0.9408395621702828,0.977432759897275,0.960131512045229,2,1.0,0.9916237113402062,0.9877546527151108,0.994277378775812,-2.213230609893799,0.9732603092783504,0.9722938144329896,0.9659100518287456,0.977509973181538,-0.7602826356887817
BOAFAB,loss:focal,4,recording,193,726,0.9695482538061722,0.9508366155185002,0.9839849064236276,0.9707373469280488,2,1.0,0.9948186528497408,0.9712385440205952,0.9990848022639296,-0.9677078723907472,0.9740932642487048,0.9740932642487048,0.9407968202860344,0.9888847104473064,-0.1243848800659179
BOAFAB,logistic+R18=64,4,window,3104,14187,0.9633325646072488,0.9453777587969786,0.9786501344633236,0.9627940856291066,2,1.0,0.9993556701030928,0.9976535466691322,0.999823287414046,-1.7867425680160522,0.9774484536082474,0.9758376288659794,0.9698188495374396,0.980680043327628,-0.8180716633796692
BOAFAB,logistic+R18=64,4,recording,193,726,0.9681481578030084,0.950162906522616,0.982741213791514,0.9718771134800446,2,1.0,0.9948186528497408,0.9712385440205952,0.9990848022639296,-0.730350911617279,0.9740932642487048,0.9689119170984456,0.9338451536160308,0.985675923229514,-0.3957196474075317
BOAFAB,lda_shrunk,4,window,3104,14187,0.9301547842541364,0.9070616866769822,0.9512298708638722,0.944342861798334,2,1.0,0.9887242268041238,0.9843590300835792,0.991881200435248,-62.19683456420898,0.9474871134020618,0.942332474226804,0.933571632632871,0.949999782332422,-17.706092834472656
BOAFAB,lda_shrunk,4,recording,193,726,0.9581100119360492,0.9342630302694226,0.9756751120121132,0.9617664138287928,2,1.0,0.9792746113989638,0.9479303580949322,0.9919116265262048,-31.54119873046875,0.9689119170984456,0.9533678756476685,0.9137638788155464,0.97527583636661,-5.059652328491211
