encoder,head,species,reference,diff,lo,hi,p,p_holm,significant_holm
audioprotopnet,proto_probe,DENMIN,perch_v2 · proto_probe,0.16355867951340985,0.07164163203003299,0.3242981744381665,0.0,0.0,True
naturebeats,proto_probe,DENMIN,perch_v2 · proto_probe,0.06547774865362199,0.028796871835483778,0.12599894535475814,0.002,0.12,False
convnext_birdset,logistic,DENMIN,perch_v2 · proto_probe,-0.00020854822206362034,-0.23475102825317734,0.26384195238620356,0.862,1.0,False
esp_aves2_sl_beats_bio,proto_probe,DENMIN,perch_v2 · proto_probe,0.013223457940823247,-0.09128949711933844,0.16827395014604576,0.668,1.0,False
esp_aves2_sl_beats_all,proto_probe,DENMIN,perch_v2 · proto_probe,-0.11211197850272336,-0.29681059626400125,-0.006137549731914303,0.044,1.0,False
perch_bird,logistic,DENMIN,perch_v2 · proto_probe,-0.13739849181360175,-0.26960675207112517,0.139319488467973,0.486,1.0,False
birdmae_base,proto_probe,DENMIN,perch_v2 · proto_probe,-0.011862358454637012,-0.123868457337914,0.15054809907083921,0.466,1.0,False
birdnet_v3,logistic+R37=glmm,DENMIN,perch_v2 · proto_probe,-0.33008635630365474,-0.4200660895371795,-0.04627805046654873,0.006,0.324,False
esp_aves2_sl_eat_bio_ssl_all,logistic,DENMIN,perch_v2 · proto_probe,-0.1023318177693533,-0.27999497870851797,0.010398592852859493,0.066,1.0,False
birdmae_large,proto_probe,DENMIN,perch_v2 · proto_probe,-0.07875027257339828,-0.2597830300670738,-0.005818508537986545,0.034,1.0,False
birdnet,logistic+R37=glmm,DENMIN,perch_v2 · proto_probe,-0.13725221855939806,-0.3564007220917065,-0.005504384934352684,0.028,1.0,False
esp_aves2_sl_eat_all_ssl_all,lda_shrunk,DENMIN,perch_v2 · proto_probe,-0.3422688189507796,-0.44865227081818326,-0.11447412114944797,0.0,0.0,True
esp_aves2_effnetb0_bio,logistic+R37=glmm,DENMIN,perch_v2 · proto_probe,-0.31614168478490107,-0.40551411510598895,-0.030924782269853415,0.018,0.8639999999999999,False
esp_aves2_eat_all,proto_probe,DENMIN,perch_v2 · proto_probe,-0.40658316520129095,-0.5073377208408676,-0.20846304958219058,0.0,0.0,True
esp_aves2_effnetb0_all,logistic+R37=glmm,DENMIN,perch_v2 · proto_probe,-0.37788174256439133,-0.47007151910802547,-0.1228452015576314,0.0,0.0,True
esp_aves2_eat_bio,proto_probe,DENMIN,perch_v2 · proto_probe,-0.44614465859398283,-0.5424241632322356,-0.22086544192635787,0.0,0.0,True
beats,proto_probe,DENMIN,perch_v2 · proto_probe,-0.36343427108034015,-0.4576729980157666,-0.14665423430891958,0.0,0.0,True
birdmae_huge,lda_shrunk,DENMIN,perch_v2 · proto_probe,-0.29713378604887686,-0.40560277849163523,-0.03224493118486834,0.016,0.784,False
esp_aves2_effnetb0_audioset,logistic+R37=glmm,DENMIN,perch_v2 · proto_probe,-0.4079918155777175,-0.500415345773095,-0.1610871844664069,0.0,0.0,True
rcl_fs_bsed,logistic+R37=glmm,DENMIN,perch_v2 · proto_probe,-0.3792077820025836,-0.47456727042805735,-0.12293519396708408,0.0,0.0,True
protoclr,lda_shrunk,DENMIN,perch_v2 · proto_probe,-0.43912174902100787,-0.5421429296867849,-0.19935410702309825,0.0,0.0,True
insect66,logistic+R37=glmm,DENMIN,perch_v2 · proto_probe,-0.4126532574875342,-0.5132135205864373,-0.1790564731889836,0.0,0.0,True
insect459,logistic+R37=glmm,DENMIN,perch_v2 · proto_probe,-0.4350265861055284,-0.5291848836064995,-0.2116785836124324,0.0,0.0,True
audioprotopnet,proto_probe,PITAZU,perch_v2 · proto_probe,-0.01060486157876217,-0.13517542350434192,0.1301044874868784,0.992,1.0,False
naturebeats,proto_probe,PITAZU,perch_v2 · proto_probe,-0.09662021415418853,-0.2677143208848749,0.06002815478689183,0.228,1.0,False
convnext_birdset,logistic,PITAZU,perch_v2 · proto_probe,-0.05508889867358424,-0.18063908015251623,0.020761750030627673,0.342,1.0,False
esp_aves2_sl_beats_bio,proto_probe,PITAZU,perch_v2 · proto_probe,-0.14853849727582508,-0.3152078178734054,0.006028185773974189,0.066,1.0,False
esp_aves2_sl_beats_all,proto_probe,PITAZU,perch_v2 · proto_probe,-0.1419538827144773,-0.2959994494173017,0.006976574801159506,0.066,1.0,False
perch_bird,logistic,PITAZU,perch_v2 · proto_probe,0.0022308232738244005,-0.160468692394429,0.1445450503660298,0.858,1.0,False
birdmae_base,proto_probe,PITAZU,perch_v2 · proto_probe,-0.2652940343922089,-0.4194048076180181,-0.13692673180274934,0.0,0.0,True
birdnet_v3,logistic+R37=glmm,PITAZU,perch_v2 · proto_probe,-0.05667503966305287,-0.14905572880082468,0.025196264431066154,0.228,1.0,False
esp_aves2_sl_eat_bio_ssl_all,logistic,PITAZU,perch_v2 · proto_probe,-0.1999050682089757,-0.35033174709677734,-0.052953283320263916,0.0,0.0,True
birdmae_large,proto_probe,PITAZU,perch_v2 · proto_probe,-0.2750524191436511,-0.3904214353171811,-0.14181051020967006,0.0,0.0,True
birdnet,logistic+R37=glmm,PITAZU,perch_v2 · proto_probe,-0.029762429426332004,-0.171589259149156,0.10519803989337272,0.744,1.0,False
esp_aves2_sl_eat_all_ssl_all,lda_shrunk,PITAZU,perch_v2 · proto_probe,-0.22925952540636024,-0.39326257591477287,-0.07526920614697809,0.0,0.0,True
esp_aves2_effnetb0_bio,logistic+R37=glmm,PITAZU,perch_v2 · proto_probe,-0.0942944803359147,-0.25184519920618004,0.0841503711169321,0.33,1.0,False
esp_aves2_eat_all,proto_probe,PITAZU,perch_v2 · proto_probe,-0.3619604114283451,-0.5228448082473288,-0.20003266197108016,0.0,0.0,True
esp_aves2_effnetb0_all,logistic+R37=glmm,PITAZU,perch_v2 · proto_probe,-0.2256859832915774,-0.3559277275571989,-0.085010987980557,0.0,0.0,True
esp_aves2_eat_bio,proto_probe,PITAZU,perch_v2 · proto_probe,-0.30374764700589574,-0.47012177025289376,-0.13872554875712223,0.0,0.0,True
beats,proto_probe,PITAZU,perch_v2 · proto_probe,-0.3248443392845898,-0.48458402234074294,-0.1619146209899494,0.0,0.0,True
birdmae_huge,lda_shrunk,PITAZU,perch_v2 · proto_probe,-0.31171936314592275,-0.4730179073900078,-0.1521059610563897,0.0,0.0,True
esp_aves2_effnetb0_audioset,logistic+R37=glmm,PITAZU,perch_v2 · proto_probe,-0.3449135438002042,-0.5129812759521358,-0.1839635080465389,0.0,0.0,True
rcl_fs_bsed,logistic+R37=glmm,PITAZU,perch_v2 · proto_probe,-0.18305285667269705,-0.3883918074691585,0.011555021691253416,0.07,1.0,False
protoclr,lda_shrunk,PITAZU,perch_v2 · proto_probe,-0.2949728069972904,-0.4587809747858711,-0.13499055948374866,0.0,0.0,True
insect66,logistic+R37=glmm,PITAZU,perch_v2 · proto_probe,-0.3503800609679896,-0.5132121882108976,-0.19232641964611688,0.0,0.0,True
insect459,logistic+R37=glmm,PITAZU,perch_v2 · proto_probe,-0.30918815942243616,-0.4681932824078918,-0.1504506138876635,0.0,0.0,True
audioprotopnet,proto_probe,PHYCUV,perch_v2 · proto_probe,0.03377040569559042,0.006772340100551405,0.06551409308071335,0.012,0.612,False
naturebeats,proto_probe,PHYCUV,perch_v2 · proto_probe,0.030230360857536054,0.0037344176120797127,0.061930215657441993,0.012,0.612,False
convnext_birdset,logistic,PHYCUV,perch_v2 · proto_probe,0.00771227280687059,-0.01905205656656486,0.03682531284587341,0.58,1.0,False
esp_aves2_sl_beats_bio,proto_probe,PHYCUV,perch_v2 · proto_probe,-0.0322734784466423,-0.076311330298859,0.006027765834068187,0.086,1.0,False
esp_aves2_sl_beats_all,proto_probe,PHYCUV,perch_v2 · proto_probe,-0.0059020245900073265,-0.02925314383724635,0.018813666445407905,0.588,1.0,False
perch_bird,logistic,PHYCUV,perch_v2 · proto_probe,-0.021627009168899702,-0.05149837547158818,0.007071361678159018,0.114,1.0,False
birdmae_base,proto_probe,PHYCUV,perch_v2 · proto_probe,-0.04497808367269518,-0.07667970128279494,-0.01376059631380203,0.008,0.424,False
birdnet_v3,logistic+R37=glmm,PHYCUV,perch_v2 · proto_probe,-0.037735284560240556,-0.07706630146919008,-0.0009278597941768212,0.04,1.0,False
esp_aves2_sl_eat_bio_ssl_all,logistic,PHYCUV,perch_v2 · proto_probe,-0.16936067019060053,-0.22841553555807984,-0.11273002634810331,0.0,0.0,True
birdmae_large,proto_probe,PHYCUV,perch_v2 · proto_probe,-0.04758981580940347,-0.0789440550184062,-0.014364990670030692,0.0,0.0,True
birdnet,logistic+R37=glmm,PHYCUV,perch_v2 · proto_probe,-0.142688629766893,-0.1909429527359086,-0.09444644264877036,0.0,0.0,True
esp_aves2_sl_eat_all_ssl_all,lda_shrunk,PHYCUV,perch_v2 · proto_probe,-0.14635141361195836,-0.19713502340232852,-0.09556474699579472,0.0,0.0,True
esp_aves2_effnetb0_bio,logistic+R37=glmm,PHYCUV,perch_v2 · proto_probe,-0.26157170874096414,-0.3186878912952621,-0.20233238514033863,0.0,0.0,True
esp_aves2_eat_all,proto_probe,PHYCUV,perch_v2 · proto_probe,-0.15338056530855249,-0.19921293653799052,-0.1086241879593577,0.0,0.0,True
esp_aves2_effnetb0_all,logistic+R37=glmm,PHYCUV,perch_v2 · proto_probe,-0.31699449138329405,-0.3671426723151078,-0.24660438546758717,0.0,0.0,True
esp_aves2_eat_bio,proto_probe,PHYCUV,perch_v2 · proto_probe,-0.2018447628848541,-0.25807673181436963,-0.1422846685769635,0.0,0.0,True
beats,proto_probe,PHYCUV,perch_v2 · proto_probe,-0.39398850728427526,-0.4608023727773081,-0.3088530156630929,0.0,0.0,True
birdmae_huge,lda_shrunk,PHYCUV,perch_v2 · proto_probe,-0.2403040466176597,-0.3059426763105525,-0.16779504617052654,0.0,0.0,True
esp_aves2_effnetb0_audioset,logistic+R37=glmm,PHYCUV,perch_v2 · proto_probe,-0.45775779194597394,-0.5164820144997072,-0.38595943074842376,0.0,0.0,True
rcl_fs_bsed,logistic+R37=glmm,PHYCUV,perch_v2 · proto_probe,-0.5483304041984469,-0.5978724544840419,-0.4635129250163244,0.0,0.0,True
protoclr,lda_shrunk,PHYCUV,perch_v2 · proto_probe,-0.5671689084410878,-0.6251705328894231,-0.4883400500392902,0.0,0.0,True
insect66,logistic+R37=glmm,PHYCUV,perch_v2 · proto_probe,-0.5584568701331689,-0.6110673146582978,-0.47364964191598136,0.0,0.0,True
insect459,logistic+R37=glmm,PHYCUV,perch_v2 · proto_probe,-0.5875787332982602,-0.6400601333027303,-0.5063449478804652,0.0,0.0,True
audioprotopnet,proto_probe,LEPLAT,perch_v2 · proto_probe,0.0162397063745503,-0.08821392014911944,0.10698533181225615,0.688,1.0,False
naturebeats,proto_probe,LEPLAT,perch_v2 · proto_probe,0.14373855249166478,0.06249617802405313,0.24069877344559126,0.002,0.12,False
convnext_birdset,logistic,LEPLAT,perch_v2 · proto_probe,0.044304876566970464,-0.0363414088421286,0.1197315711164326,0.216,1.0,False
esp_aves2_sl_beats_bio,proto_probe,LEPLAT,perch_v2 · proto_probe,0.060197693578642575,-0.011444718570615043,0.13569905194088228,0.086,1.0,False
esp_aves2_sl_beats_all,proto_probe,LEPLAT,perch_v2 · proto_probe,0.09729184551883252,0.02042291583263596,0.17261598223574595,0.02,0.9400000000000001,False
perch_bird,logistic,LEPLAT,perch_v2 · proto_probe,4.9999418998525336e-05,-0.06954918768978102,0.06984471416091768,0.89,1.0,False
birdmae_base,proto_probe,LEPLAT,perch_v2 · proto_probe,-0.043759620205421124,-0.15456976922139626,0.10540933873658334,0.672,1.0,False
birdnet_v3,logistic+R37=glmm,LEPLAT,perch_v2 · proto_probe,0.04147935320278351,-0.03569972644524935,0.1123092916950029,0.31,1.0,False
esp_aves2_sl_eat_bio_ssl_all,logistic,LEPLAT,perch_v2 · proto_probe,-0.07367918357436332,-0.17487874197170064,0.02236306302151365,0.136,1.0,False
birdmae_large,proto_probe,LEPLAT,perch_v2 · proto_probe,-0.20704206792367608,-0.29448337779901856,-0.09539667061118713,0.0,0.0,True
birdnet,logistic+R37=glmm,LEPLAT,perch_v2 · proto_probe,-0.3038043707519477,-0.43596829812512067,-0.16417797960686867,0.0,0.0,True
esp_aves2_sl_eat_all_ssl_all,lda_shrunk,LEPLAT,perch_v2 · proto_probe,-0.3169636681491037,-0.4101844767165299,-0.192297105919737,0.0,0.0,True
esp_aves2_effnetb0_bio,logistic+R37=glmm,LEPLAT,perch_v2 · proto_probe,-0.4051188579050983,-0.5091117610753502,-0.24839128284874268,0.0,0.0,True
esp_aves2_eat_all,proto_probe,LEPLAT,perch_v2 · proto_probe,-0.1922181649080067,-0.31709643674206,-0.04664519098665728,0.004,0.22,False
esp_aves2_effnetb0_all,logistic+R37=glmm,LEPLAT,perch_v2 · proto_probe,-0.20015775305798644,-0.34617388418589723,-0.04555348074737053,0.01,0.52,False
esp_aves2_eat_bio,proto_probe,LEPLAT,perch_v2 · proto_probe,-0.18644303405628881,-0.3145967038365624,-0.06173048969832597,0.002,0.12,False
beats,proto_probe,LEPLAT,perch_v2 · proto_probe,-0.12489072713433136,-0.22413756356882686,-0.03631522260624492,0.002,0.12,False
birdmae_huge,lda_shrunk,LEPLAT,perch_v2 · proto_probe,-0.37369797046654984,-0.4772481161146178,-0.2364030988263775,0.002,0.12,False
esp_aves2_effnetb0_audioset,logistic+R37=glmm,LEPLAT,perch_v2 · proto_probe,-0.2764006802210206,-0.3910587777995453,-0.1542389599530237,0.0,0.0,True
rcl_fs_bsed,logistic+R37=glmm,LEPLAT,perch_v2 · proto_probe,-0.3353558925866467,-0.43893219075964673,-0.2139956226104753,0.0,0.0,True
protoclr,lda_shrunk,LEPLAT,perch_v2 · proto_probe,-0.5280701241972592,-0.6214098607537601,-0.4038035106269137,0.0,0.0,True
insect66,logistic+R37=glmm,LEPLAT,perch_v2 · proto_probe,-0.6145335423339767,-0.7043977804160746,-0.4947801613031181,0.0,0.0,True
insect459,logistic+R37=glmm,LEPLAT,perch_v2 · proto_probe,-0.6278941724870882,-0.718968603750486,-0.5078969316187819,0.0,0.0,True
audioprotopnet,proto_probe,BOAFAB,perch_v2 · proto_probe,0.006487261519068754,-0.0012146644854180155,0.016527786175651052,0.098,1.0,False
naturebeats,proto_probe,BOAFAB,perch_v2 · proto_probe,0.004129319943764642,-0.0039712012281392095,0.013414329904853117,0.312,1.0,False
convnext_birdset,logistic,BOAFAB,perch_v2 · proto_probe,-0.00343827913528838,-0.015767189067924986,0.007550388991326456,0.564,1.0,False
esp_aves2_sl_beats_bio,proto_probe,BOAFAB,perch_v2 · proto_probe,0.009715140689793844,0.0008011043400045162,0.021141114086000338,0.032,1.0,False
esp_aves2_sl_beats_all,proto_probe,BOAFAB,perch_v2 · proto_probe,0.009064667044800467,0.0012139753504198658,0.020263388337929386,0.02,0.9400000000000001,False
perch_bird,logistic,BOAFAB,perch_v2 · proto_probe,0.0007098077744410736,-0.007113480103131123,0.009472337526048433,0.838,1.0,False
birdmae_base,proto_probe,BOAFAB,perch_v2 · proto_probe,-0.00701481557303929,-0.01877050408916304,0.0050203772865192895,0.276,1.0,False
birdnet_v3,logistic+R37=glmm,BOAFAB,perch_v2 · proto_probe,-0.00028059387933687674,-0.010211924900456405,0.011583447086024748,0.974,1.0,False
esp_aves2_sl_eat_bio_ssl_all,logistic,BOAFAB,perch_v2 · proto_probe,-0.004916643387929298,-0.016964398058969564,0.0058778249879447506,0.408,1.0,False
birdmae_large,proto_probe,BOAFAB,perch_v2 · proto_probe,-0.005586366804357534,-0.01740668438166108,0.005521607074844039,0.352,1.0,False
birdnet,logistic+R37=glmm,BOAFAB,perch_v2 · proto_probe,-0.011284108723218833,-0.02665095634062203,0.0017829945774409225,0.102,1.0,False
esp_aves2_sl_eat_all_ssl_all,lda_shrunk,BOAFAB,perch_v2 · proto_probe,-0.02007692730866062,-0.03640436524767073,-0.005745772683006278,0.0,0.0,True
esp_aves2_effnetb0_bio,logistic+R37=glmm,BOAFAB,perch_v2 · proto_probe,-0.020394349670445067,-0.04055287007349949,-0.0026401935033819996,0.026,1.0,False
esp_aves2_eat_all,proto_probe,BOAFAB,perch_v2 · proto_probe,-0.010632716863259617,-0.024535857362939627,0.0028944519211167715,0.138,1.0,False
esp_aves2_effnetb0_all,logistic+R37=glmm,BOAFAB,perch_v2 · proto_probe,-0.014473772881171687,-0.031274291590433864,5.9409565574898865e-05,0.052,1.0,False
esp_aves2_eat_bio,proto_probe,BOAFAB,perch_v2 · proto_probe,-0.007596367615349653,-0.01981508260942836,0.004067112695556282,0.23,1.0,False
beats,proto_probe,BOAFAB,perch_v2 · proto_probe,-0.012529688306095133,-0.026136939202707293,0.0008023845701379311,0.068,1.0,False
birdmae_huge,lda_shrunk,BOAFAB,perch_v2 · proto_probe,-0.04307921130673109,-0.06482611960377928,-0.024732645565768086,0.0,0.0,True
esp_aves2_effnetb0_audioset,logistic+R37=glmm,BOAFAB,perch_v2 · proto_probe,-0.06028336084632935,-0.09087314271455411,-0.03586564714660377,0.0,0.0,True
rcl_fs_bsed,logistic+R37=glmm,BOAFAB,perch_v2 · proto_probe,-0.2661670818016797,-0.30943551147327436,-0.21030320274705225,0.0,0.0,True
protoclr,lda_shrunk,BOAFAB,perch_v2 · proto_probe,-0.10685124800776902,-0.14096309406613128,-0.07553008891626581,0.0,0.0,True
insect66,logistic+R37=glmm,BOAFAB,perch_v2 · proto_probe,-0.06908507660743801,-0.10121262482141911,-0.042321137099146505,0.0,0.0,True
insect459,logistic+R37=glmm,BOAFAB,perch_v2 · proto_probe,-0.12474748580754624,-0.16631384411588532,-0.08602257999424971,0.0,0.0,True
