encoder,best_head,ap_site_best,ap_site_logistic,heads_tried
naturebeats,proto_probe,0.842347955315631,0.6942769025160522,7
perch_v2,proto_probe,0.8129568017571511,0.7883000709123803,7
esp_aves2_sl_beats_bio,proto_probe,0.7934216650545097,0.7601748490758808,7
esp_aves2_sl_beats_all,proto_probe,0.7822345271084362,0.7277959769670502,7
perch_bird,logistic,0.7817498276541037,0.7817498276541037,3
birdmae_base,proto_probe,0.7383750192975509,0.5046485792878902,7
birdnet_v3,logistic+R37=glmm,0.7362972175164508,0.7337221082182374,4
esp_aves2_sl_eat_bio_ssl_all,logistic,0.7029181251309068,0.7029181251309068,7
birdmae_large,proto_probe,0.6901526133062539,0.49690611904794385,7
birdnet,logistic+R37=glmm,0.6879984503115933,0.6846389616904986,3
esp_aves2_sl_eat_all_ssl_all,lda_shrunk,0.6019727310717787,0.5986960366234527,7
esp_aves2_effnetb0_bio,logistic+R37=glmm,0.5934525854696865,0.5860541494956568,4
esp_aves2_eat_all,proto_probe,0.5880017970152602,0.4496531139630731,7
esp_aves2_effnetb0_all,logistic+R37=glmm,0.585918053121467,0.5853711655677911,4
esp_aves2_eat_bio,proto_probe,0.583801507725877,0.48224203077911676,7
beats,proto_probe,0.5690192951392249,0.478655070866788,7
birdmae_huge,lda_shrunk,0.5597699262400032,0.5019850845627039,3
esp_aves2_effnetb0_audioset,logistic+R37=glmm,0.5034873632789021,0.5021229197397448,4
rcl_fs_bsed,logistic+R37=glmm,0.4705339983047404,0.4690328149739253,4
protoclr,lda_shrunk,0.4257198344242684,0.39744563347712025,3
insect66,logistic+R37=glmm,0.4119350402511297,0.41010720112386245,4
insect459,logistic+R37=glmm,0.3960697743329794,0.3959721020889338,4
