span_id,path,site,mic_id,start_utc,start_s,end_s,n_blanci,intervalles,other_label,classes,multiclass,quality,species,comment,annotator,source,created_at
1,Projet Phénologie blanci/Troisième relevé_avril 2024/Kaw 09042024/SM C_SMA13599/Data/SMA13599_20240322_150000.wav,Kaw,SMA13599,2024-03-22T18:00:00Z,0.6,30.6,0,,background,background,False,,,Bruit ambiant,Léonard,plan,2026-10-08T14:20:16Z
2,Projet Phénologie blanci/Troisième relevé_avril 2024/Kaw 09042024/SM C_SMA13599/Data/SMA13599_20240229_193000.wav,Kaw,SMA13599,2024-02-29T22:30:00Z,37.7,67.7,1,37.70-67.70 blanci_uncertain (C),background,blanci_uncertain,False,,,,Léonard,plan,2026-10-08T18:05:10Z
3,Projet blanci 2025/RELEVE 3 Mataroni - 06-13 janv 2026/2LA03680_SYL27/Data/2LA03680_20260108_150000.wav,Mataroni,2LA03680,2026-01-08T18:00:00Z,71.1,101.1,0,,background,background,False,,,,Léonard,plan,2026-10-08T18:06:53Z
4,Projet blanci 2025/RELEVE 1 CDR - 21-27 décembre 2025/2LA03021/Data/2LA03021_20251222_153000.wav,CDR,2LA03021,2025-12-22T18:30:00Z,78.2,108.2,1,78.20-108.20 blanci_chorus (C),background,blanci_chorus,False,,,"pas sûr, ça pourrait être un congénère",Léonard,plan,2026-10-08T18:13:05Z
5,Projet blanci 2025/RELEVE 1 CDR - 21-27 décembre 2025/2MA10210/Data/2MA10210_20251225_063000.wav,CDR,2MA10210,2025-12-25T09:30:00Z,27.2,57.2,1,27.20-57.20 blanci_chorus (C),background,blanci_chorus,False,,,"idem, peut-être des congénères, je trouve que la note est un peu courte. Beaucoup de bruit par dessus. Ce micro a un problème, le son est étouffé",Léonard,plan,2026-10-08T18:16:35Z
6,Projet blanci 2025/RELEVE 3 Mataroni - 06-13 janv 2026/2LA04186_GI09/Data/2LA04186_20260109_160000.wav,Mataroni,2LA04186,2026-01-09T19:00:00Z,38.9,68.9,1,38.90-68.90 blanci_chorus (C),background,blanci_chorus,False,,,idem je pense que ce sont des congénères,Léonard,plan,2026-10-08T18:18:52Z
7,Projet blanci 2025/RELEVE 3 Mataroni - 06-13 janv 2026/2LA03410_MGM08/Data/2LA03410_20260111_063000.wav,Mataroni,2LA03410,2026-01-11T09:30:00Z,63.5,93.5,0,,background,background,False,,,,Léonard,plan,2026-10-08T18:24:43Z
8,Projet blanci 2025/RELEVE 3 Mataroni - 06-13 janv 2026/2LA02921_RB01/Data/2LA02921_20260111_180000.wav,Mataroni,2LA02921,2026-01-11T21:00:00Z,44.2,74.2,0,44.20-74.20 false_friend (C),background,false_friend,False,,congénère,comme les autres je pense que c'est un congénère,Léonard,plan,2026-10-08T18:27:05Z
9,Projet blanci 2025/RELEVE 3 Mataroni - 06-13 janv 2026/2LA04336_SYL06/Data/2LA04336_20260110_173000.wav,Mataroni,2LA04336,2026-01-10T20:30:00Z,44.3,74.3,0,44.30-74.30 false_friend (C),background,false_friend,False,,congénère,idem,Léonard,plan,2026-10-08T18:28:25Z
10,Projet Phénologie blanci/Quatrième relevé_juin 2024/Molokoi 25062024/SMA14163 F/SMA14163_20240601_160000.wav,Molokoi,SMA14163,2024-06-01T19:00:00Z,89.7,119.7,0,,background,background,False,,,,Léonard,plan,2026-10-08T18:29:41Z
11,Projet blanci 2025/RELEVE 3 Mataroni - 06-13 janv 2026/2LA04445_GI08/Data/2LA04445_20260106_150000.wav,Mataroni,2LA04445,2026-01-06T18:00:00Z,88.5,118.5,0,,background,background,False,,,,Léonard,plan,2026-10-08T18:31:25Z
12,Projet blanci 2025/RELEVE 3 Mataroni - 06-13 janv 2026/2LA04219_RB08/Data/2LA04219_20260110_160000.wav,Mataroni,2LA04219,2026-01-10T19:00:00Z,31.8,61.8,0,,background,background,False,,,,Léonard,plan,2026-10-08T18:32:46Z
13,Projet blanci 2025/RELEVE 6 Patawa Est - 20 fev-3 mars 2026/2MA08067/2MA08067_20260228_150000.wav,PatawaEst,2MA08067,2026-02-28T18:00:00Z,30.5,60.5,0,,background,background,False,,,,Léonard,plan,2026-10-08T18:33:52Z
14,Projet Phénologie blanci/Premier relevé_décembre 2023/Molokoi 28122023/SM4 F/SMA14163_20231215_070000.wav,Molokoi,SMA14163,2023-12-15T10:00:00Z,41.8,71.8,1,41.80-71.80 blanci_chorus (C),background,blanci_chorus,False,,,,Léonard,plan,2026-10-08T18:36:43Z
15,Projet Phénologie blanci/Troisième relevé_avril 2024/Molokoi 11042024/SM F_SMA14163/Data/SMA14163_20240226_163000.wav,Molokoi,SMA14163,2024-02-26T19:30:00Z,23.6,53.6,15,25.14-25.39 blanci (A); 28.92-29.13 blanci (A); 31.96-32.22 blanci (A); 34.54-34.73 blanci (A); 39.57-39.75 blanci (A); 43.63-43.82 blanci (A); 46.77-46.97 blanci (A); 29.41-29.58 blanci (C); 50.48-50.73 blanci (A); 35.13-35.41 blanci (C); 38.94-39.12 blanci (C); 42.53-42.72 blanci (C); 44.65-44.88 blanci (C); 49.26-49.46 blanci (C); 50.90-51.12 blanci (C),background,blanci,False,,,,Léonard,plan,2026-10-08T18:52:02Z
16,Projet Phénologie blanci/Troisième relevé_avril 2024/Trésor 09042024/SM B_SMA13496/Data/SMA13496_20240309_193000.wav,Tresor,SMA13496,2024-03-09T22:30:00Z,51.6,81.6,0,57.21-57.46 false_friend (A); 63.22-63.41 false_friend (A); 72.43-72.64 false_friend (A),background,false_friend,False,,,,Léonard,plan,2026-10-08T18:53:39Z
17,Projet blanci 2025/RELEVE 3 Mataroni - 06-13 janv 2026/2LA04513_GI10/Data/2LA04513_20260110_153000.wav,Mataroni,2LA04513,2026-01-10T18:30:00Z,5.9,35.9,0,5.90-35.90 false_friend (A),background,false_friend,False,,congénère,le même,Léonard,plan,2026-10-08T18:55:46Z
18,Projet blanci 2025/RELEVE 3 Mataroni - 06-13 janv 2026/2LA05189_RB10/Data/2LA05189_20260107_073000.wav,Mataroni,2LA05189,2026-01-07T10:30:00Z,60.1,90.1,0,,background,background,False,,,,Léonard,plan,2026-10-08T18:57:44Z
19,Projet blanci 2025/RELEVE 3 Mataroni - 06-13 janv 2026/SMA13417_RNRT3/Data/SMA13417_20260112_163000.wav,Mataroni,SMA13417,2026-01-12T19:30:00Z,51.8,81.8,0,60.66-73.53 false_friend (A); 51.80-53.28 false_friend (A); 53.49-60.42 false_friend (C),background,false_friend,False,,,,Léonard,plan,2026-10-08T19:06:47Z
20,Projet blanci 2025/RELEVE 6 Patawa Est - 20 fev-3 mars 2026/2MA10210/2MA10210_20260220_173000.wav,PatawaEst,2MA10210,2026-02-20T20:30:00Z,89.7,119.7,0,,background,background,False,,,,Léonard,plan,2026-10-08T19:17:02Z
21,Projet Phénologie blanci/Sixième relevé_novembre 2024/Trésor 27112024/SMA13496/SMA13496_20240909_073000.wav,Tresor,SMA13496,2024-09-09T10:30:00Z,11.1,41.1,0,,background,background,False,,,,Léonard,plan,2026-10-08T19:21:40Z
22,Projet Phénologie blanci/Quatrième relevé_juin 2024/Molokoi 25062024/SMA14163 F/SMA14163_20240504_163000.wav,Molokoi,SMA14163,2024-05-04T19:30:00Z,56.2,86.2,0,,background,background,False,,,,Léonard,plan,2026-10-08T19:22:19Z
23,Projet blanci 2025/RELEVE 3 Mataroni - 06-13 janv 2026/2LA05247_SYL01/Data/2LA05247_20260110_173000.wav,Mataroni,2LA05247,2026-01-10T20:30:00Z,79.6,109.6,0,79.60-109.60 false_friend (A),background,false_friend,False,,congénère,toujours le mêle,Léonard,plan,2026-10-08T19:23:43Z
24,Projet blanci 2025/RELEVE 3 Mataroni - 06-13 janv 2026/2LA04530_MGM06/Data/2LA04530_20260113_093000.wav,Mataroni,2LA04530,2026-01-13T12:30:00Z,53.5,83.5,1,54.80-76.90 blanci (A),background,blanci,False,,,,Léonard,plan,2026-10-08T19:25:13Z
25,Projet Phénologie blanci/Premier relevé_décembre 2023/Kaw 26122023/SM4 C/SMA13599_20231113_140000.wav,Kaw,SMA13599,2023-11-13T17:00:00Z,84.9,114.9,0,,background,background,False,,,,Léonard,plan,2026-10-08T19:26:25Z
26,Projet blanci 2025/RELEVE 1 CDR - 21-27 décembre 2025/2LA04115/Data/2LA04115_20251224_150000.wav,CDR,2LA04115,2025-12-24T18:00:00Z,26.2,56.2,0,,background,background,False,,,,Léonard,plan,2026-10-08T19:28:01Z
27,Projet Phénologie blanci/Cinquième relevé_septembre 2024/Kaw 03092024/SM C_SMA13599/SMA13599_20240710_113000.wav,Kaw,SMA13599,2024-07-10T14:30:00Z,36.5,66.5,0,,background,background,False,,,,Léonard,plan,2026-10-08T19:29:07Z
28,Projet blanci 2025/RELEVE 2 Patawa - 30 dec 2025 -04 janv 2026/2MA07942/2MA07942_20251230_163000.wav,PatawaOuest,2MA07942,2025-12-30T19:30:00Z,22.4,52.4,0,22.40-52.40 false_friend (A),background,false_friend,False,,,,Léonard,plan,2026-10-08T19:32:06Z
29,Projet blanci 2025/RELEVE 1 CDR - 21-27 décembre 2025/2LA04185/Data/2LA04185_20251225_190000.wav,CDR,2LA04185,2025-12-25T22:00:00Z,27.2,57.2,0,,background,background,False,,,"micro étouffé, à supprimer (avec un autre enregistrement avant)",Léonard,plan,2026-10-08T19:33:28Z
30,Projet blanci 2025/RELEVE 3 Mataroni - 06-13 janv 2026/2LA03563_SYL24/Data/2LA03563_20260109_080000.wav,Mataroni,2LA03563,2026-01-09T11:00:00Z,49.5,79.5,0,,background,background,False,,,,Léonard,plan,2026-10-08T19:36:12Z
31,Projet blanci 2025/RELEVE 3 Mataroni - 06-13 janv 2026/SMA13417_RNRT3/Data/SMA13417_20260112_173000.wav,Mataroni,SMA13417,2026-01-12T20:30:00Z,35.9,65.9,0,,background,background,False,,,,Léonard,plan,2026-10-08T19:36:56Z
32,Projet blanci 2025/RELEVE 3 Mataroni - 06-13 janv 2026/2LA04159_SYL19/Data/2LA04159_20260111_113000.wav,Mataroni,2LA04159,2026-01-11T14:30:00Z,81.5,111.5,0,,background,background,False,,,,Léonard,plan,2026-10-08T19:38:17Z
33,Projet Phénologie blanci/Cinquième relevé_septembre 2024/Trésor 03092024/SM B_SMA13496/SMA13496_20240831_150000.wav,Tresor,SMA13496,2024-08-31T18:00:00Z,51.1,81.1,0,,background,background,False,,,,Léonard,plan,2026-10-08T19:38:59Z
34,Projet blanci 2025/RELEVE 1 CDR - 21-27 décembre 2025/2LA05206/Data/2LA05206_20251226_150000.wav,CDR,2LA05206,2025-12-26T18:00:00Z,1.4,31.4,0,,background,background,False,,,,Léonard,plan,2026-10-08T19:39:43Z
35,Projet Phénologie blanci/Troisième relevé_avril 2024/Trésor 09042024/SM B_SMA13496/Data/SMA13496_20240308_153000.wav,Tresor,SMA13496,2024-03-08T18:30:00Z,42.2,72.2,0,,background,background,False,,,,Léonard,plan,2026-10-08T19:40:39Z
