window_id,path,site,mic_id,start_utc,offset_s,dur_s,label,quality,species,comment,annotator,source
475919084d26370f:0.00/120.00,Projet Phénologie blanci/Troisième relevé_avril 2024/Molokoi 11042024/SM E_SMA14636/Data/SMA14636_20240222_060000.wav,Molokoi,SMA14636,2024-02-22T10:00:00Z,0.0,120.0,amphibian,B,congénère,"je n'arrive pas à être certain, les notes varient donc je suggère un congénère",Léonard,flag
8b6c5c316099b18f:0.00/120.00,Projet Phénologie blanci/Troisième relevé_avril 2024/Molokoi 11042024/SM E_SMA14636/Data/SMA14636_20240223_063000.wav,Molokoi,SMA14636,2024-02-23T10:30:00Z,0.0,120.0,blanci_chorus,C,,très léger,Léonard,flag
3e271ce9842d45c1:0.00/120.00,Projet Phénologie blanci/Troisième relevé_avril 2024/Molokoi 11042024/SM E_SMA14636/Data/SMA14636_20240226_180000.wav,Molokoi,SMA14636,2024-02-26T22:00:00Z,0.0,120.0,blanci_chorus,C,,audible avec passe bande + gain 18 dB,Léonard,flag
f1e5767f5eeba289:0.00/120.00,Projet Phénologie blanci/Troisième relevé_avril 2024/Molokoi 11042024/SM E_SMA14636/Data/SMA14636_20240227_053000.wav,Molokoi,SMA14636,2024-02-27T09:30:00Z,0.0,120.0,amphibian,,j'ai l'impression que c'est un congénère,,Léonard,flag
0858c651cb6c259c:0.00/120.00,Projet Phénologie blanci/Troisième relevé_avril 2024/Molokoi 11042024/SM E_SMA14636/Data/SMA14636_20240228_173000.wav,Molokoi,SMA14636,2024-02-28T21:30:00Z,0.0,120.0,bird,,faux ami à la fin,,Léonard,flag
9cfcf606f6be905b:0.00/120.00,Projet Phénologie blanci/Troisième relevé_avril 2024/Molokoi 11042024/SM E_SMA14636/Data/SMA14636_20240229_050000.wav,Molokoi,SMA14636,2024-02-29T09:00:00Z,0.0,120.0,blanci_uncertain,C,,"pleins d'insectes en tout genre, peut-être blanci en fond sur la fin",Léonard,flag
47ec5ec7e90ddf0d:0.00/120.00,Projet Phénologie blanci/Troisième relevé_avril 2024/Molokoi 11042024/SM E_SMA14636/Data/SMA14636_20240301_060000.wav,Molokoi,SMA14636,2024-03-01T10:00:00Z,0.0,120.0,blanci_uncertain,C,,on croirait l'entendre sur certains passages avec passe bande + gain 18 dB. Mais trop incertain à l'oreille,Léonard,flag
ea0bacb637f5e69b:0.00/120.00,Projet Phénologie blanci/Troisième relevé_avril 2024/Molokoi 11042024/SM E_SMA14636/Data/SMA14636_20240304_163000.wav,Molokoi,SMA14636,2024-03-04T20:30:00Z,0.0,120.0,background,,,,Léonard,flag
33a4045e52aed457:0.00/120.00,Projet Phénologie blanci/Troisième relevé_avril 2024/Molokoi 11042024/SM E_SMA14636/Data/SMA14636_20240305_120000.wav,Molokoi,SMA14636,2024-03-05T16:00:00Z,0.0,120.0,orthoptera,,,,Léonard,flag
71ca50b228c77c42:0.00/120.00,Projet Phénologie blanci/Troisième relevé_avril 2024/Molokoi 11042024/SM E_SMA14636/Data/SMA14636_20240308_073000.wav,Molokoi,SMA14636,2024-03-08T11:30:00Z,0.0,120.0,blanci_chorus,A,,l'enregistrement précédent a bugué je n'ai pas pu l'annoter ni revenir en arrière. Cet enregistrement : blanci clair et net,Léonard,flag
7f040938300d0366:0.00/120.00,Projet Phénologie blanci/Troisième relevé_avril 2024/Molokoi 11042024/SM E_SMA14636/Data/SMA14636_20240312_060000.wav,Molokoi,SMA14636,2024-03-12T10:00:00Z,0.0,120.0,orthoptera,,,,Léonard,flag
9a1817a7afe99a2b:0.00/120.00,Projet Phénologie blanci/Troisième relevé_avril 2024/Molokoi 11042024/SM E_SMA14636/Data/SMA14636_20240312_113000.wav,Molokoi,SMA14636,2024-03-12T15:30:00Z,0.0,120.0,blanci,A,,chante de la 8ème à la 48ème seconde,Léonard,flag
335ed4604fab9e03:0.00/120.00,Projet Phénologie blanci/Troisième relevé_avril 2024/Molokoi 11042024/SM E_SMA14636/Data/SMA14636_20240313_150000.wav,Molokoi,SMA14636,2024-03-13T19:00:00Z,0.0,120.0,blanci,A,,"clairement audible à partir de 28 secondes, incertain avant ça",Léonard,flag
4733119536e1fef2:0.00/120.00,Projet Phénologie blanci/Troisième relevé_avril 2024/Molokoi 11042024/SM E_SMA14636/Data/SMA14636_20240315_133000.wav,Molokoi,SMA14636,2024-03-15T17:30:00Z,0.0,120.0,blanci,C,,quasi inaudible même avec passe bande + gain 18 dB,Léonard,flag
4d500e388219b808:0.00/120.00,Projet Phénologie blanci/Troisième relevé_avril 2024/Molokoi 11042024/SM E_SMA14636/Data/SMA14636_20240319_100000.wav,Molokoi,SMA14636,2024-03-19T14:00:00Z,0.0,120.0,orthoptera,,,,Léonard,flag
01fc766f1e2910c8:0.00/120.00,Projet Phénologie blanci/Troisième relevé_avril 2024/Molokoi 11042024/SM E_SMA14636/Data/SMA14636_20240321_083000.wav,Molokoi,SMA14636,2024-03-21T12:30:00Z,0.0,120.0,bird,,,,Léonard,flag
37ddd760315491f1:0.00/120.00,Projet Phénologie blanci/Troisième relevé_avril 2024/Molokoi 11042024/SM E_SMA14636/Data/SMA14636_20240323_120000.wav,Molokoi,SMA14636,2024-03-23T16:00:00Z,0.0,120.0,orthoptera,,,,Léonard,flag
21375a21a5676702:0.00/120.00,Projet Phénologie blanci/Troisième relevé_avril 2024/Molokoi 11042024/SM E_SMA14636/Data/SMA14636_20240324_100000.wav,Molokoi,SMA14636,2024-03-24T14:00:00Z,0.0,120.0,blanci_uncertain,C,,quasi inaudible si blanci,Léonard,flag
c1ae0fa5b995fda5:0.00/120.00,Projet Phénologie blanci/Troisième relevé_avril 2024/Molokoi 11042024/SM E_SMA14636/Data/SMA14636_20240327_130000.wav,Molokoi,SMA14636,2024-03-27T17:00:00Z,0.0,120.0,rain,,,,Léonard,flag
e812f51edabb1500:0.00/120.00,Projet Phénologie blanci/Troisième relevé_avril 2024/Molokoi 11042024/SM E_SMA14636/Data/SMA14636_20240329_083000.wav,Molokoi,SMA14636,2024-03-29T12:30:00Z,0.0,120.0,orthoptera,,,,Léonard,flag
76f4b8e54397e857:0.00/120.00,Projet Phénologie blanci/Troisième relevé_avril 2024/Molokoi 11042024/SM E_SMA14636/Data/SMA14636_20240329_133000.wav,Molokoi,SMA14636,2024-03-29T17:30:00Z,0.0,120.0,rain,,,,Léonard,flag
f3c0a928fd486f57:0.00/120.00,Projet Phénologie blanci/Troisième relevé_avril 2024/Molokoi 11042024/SM E_SMA14636/Data/SMA14636_20240330_080000.wav,Molokoi,SMA14636,2024-03-30T12:00:00Z,0.0,120.0,blanci_chorus,,,clair et net tout du long,Léonard,flag
e5d00553fcc0bd05:0.00/120.00,Projet Phénologie blanci/Troisième relevé_avril 2024/Molokoi 11042024/SM E_SMA14636/Data/SMA14636_20240330_163000.wav,Molokoi,SMA14636,2024-03-30T20:30:00Z,0.0,120.0,blanci_uncertain,C,,quasiment certain de l'entendre sur le 18 dB lorsqu'on applique un filtre passe-bande,Léonard,flag
6a3202e541eeccd9:0.00/120.00,Projet Phénologie blanci/Troisième relevé_avril 2024/Molokoi 11042024/SM E_SMA14636/Data/SMA14636_20240402_063000.wav,Molokoi,SMA14636,2024-04-02T10:30:00Z,0.0,120.0,blanci_chorus,A,,,Léonard,flag
33283c6576b813cc:0.00/120.00,Projet Phénologie blanci/Troisième relevé_avril 2024/Molokoi 11042024/SM E_SMA14636/Data/SMA14636_20240402_100000.wav,Molokoi,SMA14636,2024-04-02T14:00:00Z,0.0,120.0,orthoptera,C,,je deviens parano,Léonard,flag
f302f32e1b509971:0.00/120.00,Projet Phénologie blanci/Troisième relevé_avril 2024/Molokoi 11042024/SM E_SMA14636/Data/SMA14636_20240402_160000.wav,Molokoi,SMA14636,2024-04-02T20:00:00Z,0.0,120.0,rain,,,,Léonard,flag
87b1e8791241f56a:0.00/120.00,Projet Phénologie blanci/Troisième relevé_avril 2024/Molokoi 11042024/SM E_SMA14636/Data/SMA14636_20240403_090000.wav,Molokoi,SMA14636,2024-04-03T13:00:00Z,0.0,120.0,blanci_uncertain,A,,"soit deux mâles, soit un autre animal qui fait deux notes",Léonard,flag
07cc69f0e37a225b:0.00/120.00,Projet Phénologie blanci/Troisième relevé_avril 2024/Molokoi 11042024/SM E_SMA14636/Data/SMA14636_20240406_140000.wav,Molokoi,SMA14636,2024-04-06T18:00:00Z,0.0,120.0,blanci,A,,blanci seul tout du long,Léonard,flag
901238bc2ed3035e:0.00/120.00,Projet Phénologie blanci/Troisième relevé_avril 2024/Molokoi 11042024/SM E_SMA14636/Data/SMA14636_20240410_080000.wav,Molokoi,SMA14636,2024-04-10T12:00:00Z,0.0,120.0,blanci_chorus,C,,beaucoup de pluie par dessus blanci. Utiliser le passe bande + gain 18 dB pour faciliter l'écoute,Léonard,flag
4f41f50d2d4c8ea5:0.00/120.00,Projet Phénologie blanci/Troisième relevé_avril 2024/Molokoi 11042024/SM E_SMA14636/Data/SMA14636_20240410_163000.wav,Molokoi,SMA14636,2024-04-10T20:30:00Z,0.0,120.0,rain,,,,Léonard,flag
