encoder,species,site,repeat,k,k_pos,k_neg,head,ap_window,ap_minute,n_test_pos_windows,n_test_pos_rec,n_test_rec
insect66,PITAZU,INCT17,0,0,0,0,logistic,0.37650154762150323,0.5443685462215131,704,89,164
insect66,PITAZU,INCT17,0,0,0,0,logistic+R37=glmm,0.3753920839992917,0.5375307040264352,704,89,164
insect66,PITAZU,INCT17,0,0,0,0,lda_shrunk,0.3775607349956815,0.5070477146749752,704,89,164
insect66,PITAZU,INCT17,0,0,0,0,logistic+R20,0.39213318847060097,0.555175751437257,704,89,164
insect66,PITAZU,INCT17,0,0,0,0,prototype,0.3940178246147219,0.550137668316592,704,89,164
insect66,PITAZU,INCT17,0,1,1,1,logistic,0.4380498339754554,0.6553330193956386,704,89,164
insect66,PITAZU,INCT17,0,1,1,1,logistic+R37=glmm,0.4389616445710924,0.6565631413162396,704,89,164
insect66,PITAZU,INCT17,0,1,1,1,lda_shrunk,0.41541354204231784,0.5615606304731429,704,89,164
insect66,PITAZU,INCT17,0,1,1,1,logistic+R20,0.4511001665085198,0.6604629080824002,704,89,164
insect66,PITAZU,INCT17,0,1,1,1,prototype,0.4946046616092566,0.6700893978386875,704,89,164
insect66,PITAZU,INCT17,0,2,2,2,logistic,0.5843224388922974,0.7170901173274767,704,89,164
insect66,PITAZU,INCT17,0,2,2,2,logistic+R37=glmm,0.4637538576075496,0.6251355307844415,704,89,164
insect66,PITAZU,INCT17,0,2,2,2,lda_shrunk,0.5210628165238183,0.6518390401444303,704,89,164
insect66,PITAZU,INCT17,0,2,2,2,logistic+R20,0.6408784881206867,0.7697509266433618,704,89,164
insect66,PITAZU,INCT17,0,2,2,2,prototype,0.6523714519291715,0.7672497678618067,704,89,164
insect66,PITAZU,INCT17,0,5,5,4,logistic,0.671035345927599,0.7795882002769052,704,89,164
insect66,PITAZU,INCT17,0,5,5,4,logistic+R37=glmm,0.6363570193578525,0.766456302335387,704,89,164
insect66,PITAZU,INCT17,0,5,5,4,lda_shrunk,0.5972270474318059,0.694014619689368,704,89,164
insect66,PITAZU,INCT17,0,5,5,4,logistic+R20,0.702906062570319,0.8102988709550508,704,89,164
insect66,PITAZU,INCT17,0,5,5,4,prototype,0.6898439610342222,0.8062269152467583,704,89,164
insect66,PITAZU,INCT17,0,10,10,8,logistic,0.6893972827451464,0.8093018421152254,704,89,164
insect66,PITAZU,INCT17,0,10,10,8,logistic+R37=glmm,0.6931705198826292,0.8205542299226012,704,89,164
insect66,PITAZU,INCT17,0,10,10,8,lda_shrunk,0.6209756728400689,0.7549147440914552,704,89,164
insect66,PITAZU,INCT17,0,10,10,8,logistic+R20,0.7187871929923215,0.8401171296300154,704,89,164
insect66,PITAZU,INCT17,0,10,10,8,prototype,0.6830795284853945,0.8008339221332877,704,89,164
insect66,PITAZU,INCT17,0,20,20,17,logistic,0.7368157122313262,0.8494355865205567,704,89,164
insect66,PITAZU,INCT17,0,20,20,17,logistic+R37=glmm,0.7443004015599971,0.8604441987728051,704,89,164
insect66,PITAZU,INCT17,0,20,20,17,lda_shrunk,0.7069527806727312,0.8280778795261553,704,89,164
insect66,PITAZU,INCT17,0,20,20,17,logistic+R20,0.7582251382837606,0.866438972829589,704,89,164
insect66,PITAZU,INCT17,0,20,20,17,prototype,0.6423131730503487,0.7779357588375072,704,89,164
insect66,PITAZU,INCT17,0,-1,89,75,logistic,0.8296980614462555,0.9205523686655384,704,89,164
insect66,PITAZU,INCT17,0,-1,89,75,logistic+R37=glmm,0.8297869136902838,0.9223489387639874,704,89,164
insect66,PITAZU,INCT17,0,-1,89,75,lda_shrunk,0.8004430274995966,0.9148063358268675,704,89,164
insect66,PITAZU,INCT17,0,-1,89,75,logistic+R20,0.8377750877817164,0.927463783758164,704,89,164
insect66,PITAZU,INCT17,0,-1,89,75,prototype,0.6956444849664711,0.8361953149468806,704,89,164
insect66,PITAZU,INCT17,1,0,0,0,logistic,0.35803025329979543,0.4819691743990042,708,89,164
insect66,PITAZU,INCT17,1,0,0,0,logistic+R37=glmm,0.356773629269178,0.47990433195725396,708,89,164
insect66,PITAZU,INCT17,1,0,0,0,lda_shrunk,0.3669859311311088,0.49196044369373043,708,89,164
insect66,PITAZU,INCT17,1,0,0,0,logistic+R20,0.36819443415095804,0.4931688797411723,708,89,164
insect66,PITAZU,INCT17,1,0,0,0,prototype,0.37465540163810485,0.5150384888196284,708,89,164
insect66,PITAZU,INCT17,1,1,1,1,logistic,0.43476784436866855,0.5407123122673063,708,89,164
insect66,PITAZU,INCT17,1,1,1,1,logistic+R37=glmm,0.4012296476415218,0.5112933068742134,708,89,164
insect66,PITAZU,INCT17,1,1,1,1,lda_shrunk,0.39591234385046203,0.48924279797198866,708,89,164
insect66,PITAZU,INCT17,1,1,1,1,logistic+R20,0.4614121712904658,0.5732157034105941,708,89,164
insect66,PITAZU,INCT17,1,1,1,1,prototype,0.4934975317924591,0.6109556385699063,708,89,164
insect66,PITAZU,INCT17,1,2,2,2,logistic,0.44986519010696446,0.5849456554222343,708,89,164
insect66,PITAZU,INCT17,1,2,2,2,logistic+R37=glmm,0.4231388590896859,0.5603705991866184,708,89,164
insect66,PITAZU,INCT17,1,2,2,2,lda_shrunk,0.40546333778633986,0.5137078673665841,708,89,164
insect66,PITAZU,INCT17,1,2,2,2,logistic+R20,0.5165749744375805,0.6647890320090921,708,89,164
insect66,PITAZU,INCT17,1,2,2,2,prototype,0.5222284483023045,0.6419814016333962,708,89,164
insect66,PITAZU,INCT17,1,5,5,4,logistic,0.4539574603806472,0.5883109570892254,708,89,164
insect66,PITAZU,INCT17,1,5,5,4,logistic+R37=glmm,0.4393046230939681,0.5836955691827588,708,89,164
insect66,PITAZU,INCT17,1,5,5,4,lda_shrunk,0.4869810077569985,0.611514237865621,708,89,164
insect66,PITAZU,INCT17,1,5,5,4,logistic+R20,0.4666898567058654,0.613557368440939,708,89,164
insect66,PITAZU,INCT17,1,5,5,4,prototype,0.5033136640773108,0.645924002183075,708,89,164
insect66,PITAZU,INCT17,1,10,10,8,logistic,0.6232986739236489,0.753997809245592,708,89,164
insect66,PITAZU,INCT17,1,10,10,8,logistic+R37=glmm,0.5881919405465379,0.7413892683455993,708,89,164
insect66,PITAZU,INCT17,1,10,10,8,lda_shrunk,0.6714795008946869,0.807531159044839,708,89,164
insect66,PITAZU,INCT17,1,10,10,8,logistic+R20,0.6752758087256623,0.7980297579616746,708,89,164
insect66,PITAZU,INCT17,1,10,10,8,prototype,0.5967020379069793,0.7516572189281784,708,89,164
insect66,PITAZU,INCT17,1,20,20,17,logistic,0.7138651725085303,0.8577856290285661,708,89,164
insect66,PITAZU,INCT17,1,20,20,17,logistic+R37=glmm,0.7329477113728081,0.8746591496053782,708,89,164
insect66,PITAZU,INCT17,1,20,20,17,lda_shrunk,0.7237868492458759,0.8687362696787985,708,89,164
insect66,PITAZU,INCT17,1,20,20,17,logistic+R20,0.752232432658512,0.8827109891822315,708,89,164
insect66,PITAZU,INCT17,1,20,20,17,prototype,0.5924412459286285,0.7472523459991007,708,89,164
insect66,PITAZU,INCT17,1,-1,89,75,logistic,0.8131514940590387,0.9148402881643508,708,89,164
insect66,PITAZU,INCT17,1,-1,89,75,logistic+R37=glmm,0.8230159818183321,0.9238436734391373,708,89,164
insect66,PITAZU,INCT17,1,-1,89,75,lda_shrunk,0.8257301410057819,0.9323277236879133,708,89,164
insect66,PITAZU,INCT17,1,-1,89,75,logistic+R20,0.8235667218809953,0.9228445904515525,708,89,164
insect66,PITAZU,INCT17,1,-1,89,75,prototype,0.6136803419476091,0.7840946806097784,708,89,164
