encoder,species,head,site,peu_annote,n_pos,n_neg,ap,seuil_ailleurs,rappel_seuil_ailleurs,precision_seuil_ailleurs,rappel_oracle
birdmae_base,PITAZU,logistic,INCT17,False,1445,2332,0.3895741165411733,inf,0.0,,0.0
birdmae_base,PITAZU,logistic,INCT20955,False,0,20,,inf,0.0,,
birdmae_base,PITAZU,logistic,INCT4,False,0,20,,inf,0.0,,
birdmae_base,PITAZU,logistic,INCT41,True,30,600,0.0425471588497622,inf,0.0,,0.0
birdmae_base,PITAZU,prototype,INCT17,False,1445,2332,0.2998359104938115,inf,0.0,,0.0006920415224913
birdmae_base,PITAZU,prototype,INCT20955,False,0,20,,0.0040484559722244,0.0,0.0,
birdmae_base,PITAZU,prototype,INCT4,False,0,20,,0.0040484559722244,0.0,0.0,
birdmae_base,PITAZU,prototype,INCT41,True,30,600,0.0374812182024834,inf,0.0,,0.0
birdmae_base,PITAZU,logistic+R37,INCT17,False,1445,2332,0.412401689047796,inf,0.0,,0.103114186851211
birdmae_base,PITAZU,logistic+R37,INCT20955,False,0,20,,-1.0338778495788574,0.0,0.0,
birdmae_base,PITAZU,logistic+R37,INCT4,False,0,20,,inf,0.0,,
birdmae_base,PITAZU,logistic+R37,INCT41,True,30,600,0.0423100349233773,inf,0.0,,0.0
birdmae_base,PITAZU,logistic+R37=glmm,INCT17,False,1445,2332,0.412401689047796,inf,0.0,,0.103114186851211
birdmae_base,PITAZU,logistic+R37=glmm,INCT20955,False,0,20,,-1.0338778495788574,0.0,0.0,
birdmae_base,PITAZU,logistic+R37=glmm,INCT4,False,0,20,,inf,0.0,,
birdmae_base,PITAZU,logistic+R37=glmm,INCT41,True,30,600,0.0423100349233773,inf,0.0,,0.0
birdmae_base,PITAZU,logistic+R18=64,INCT17,False,1445,2332,0.3621095339689051,inf,0.0,,0.0
birdmae_base,PITAZU,logistic+R18=64,INCT20955,False,0,20,,inf,0.0,,
birdmae_base,PITAZU,logistic+R18=64,INCT4,False,0,20,,inf,0.0,,
birdmae_base,PITAZU,logistic+R18=64,INCT41,True,30,600,0.0480638405624387,inf,0.0,,0.0
birdmae_base,LEPLAT,logistic,INCT17,False,0,20,,-1.6755971908569336,0.0,0.0,
birdmae_base,LEPLAT,logistic,INCT20955,False,1473,3764,0.5329966964188867,0.5952652096748352,0.0006788866259334,0.5,0.7556008146639511
birdmae_base,LEPLAT,logistic,INCT4,True,82,1640,0.2469456041293712,-2.373219490051269,0.7073170731707317,0.1339491916859122,0.1219512195121951
birdmae_base,LEPLAT,logistic,INCT41,False,0,20,,-1.6755971908569336,0.0,0.0,
birdmae_base,LEPLAT,prototype,INCT17,False,0,20,,inf,0.0,,
birdmae_base,LEPLAT,prototype,INCT20955,False,1473,3764,0.4091615559822077,inf,0.0,,0.0
birdmae_base,LEPLAT,prototype,INCT4,True,82,1640,0.1173744726343572,inf,0.0,,0.0
birdmae_base,LEPLAT,prototype,INCT41,False,0,20,,inf,0.0,,
birdmae_base,LEPLAT,logistic+R37,INCT17,False,0,20,,-4.1250762939453125,0.0,0.0,
birdmae_base,LEPLAT,logistic+R37,INCT20955,False,1473,3764,0.5479392379727137,inf,0.0,,0.790224032586558
birdmae_base,LEPLAT,logistic+R37,INCT4,True,82,1640,0.2524353645088396,-4.58353853225708,0.7073170731707317,0.1418092909535452,0.1219512195121951
birdmae_base,LEPLAT,logistic+R37,INCT41,False,0,20,,-4.1250762939453125,0.0,0.0,
birdmae_base,LEPLAT,logistic+R37=glmm,INCT17,False,0,20,,-4.1250762939453125,0.0,0.0,
birdmae_base,LEPLAT,logistic+R37=glmm,INCT20955,False,1473,3764,0.5479392379727137,inf,0.0,,0.790224032586558
birdmae_base,LEPLAT,logistic+R37=glmm,INCT4,True,82,1640,0.2524353645088396,-4.58353853225708,0.7073170731707317,0.1418092909535452,0.1219512195121951
birdmae_base,LEPLAT,logistic+R37=glmm,INCT41,False,0,20,,-4.1250762939453125,0.0,0.0,
birdmae_base,LEPLAT,logistic+R18=64,INCT17,False,0,20,,0.7873128056526184,0.0,0.0,
birdmae_base,LEPLAT,logistic+R18=64,INCT20955,False,1473,3764,0.2993096571409274,inf,0.0,,0.0
birdmae_base,LEPLAT,logistic+R18=64,INCT4,True,82,1640,0.1554847604280588,inf,0.0,,0.024390243902439
birdmae_base,LEPLAT,logistic+R18=64,INCT41,False,0,20,,inf,0.0,,
perch_v2,PITAZU,logistic,INCT17,False,1445,2332,0.8092751252325068,inf,0.0,,0.9508650519031142
perch_v2,PITAZU,logistic,INCT20955,False,0,20,,-2.3576159477233887,0.0,0.0,
perch_v2,PITAZU,logistic,INCT4,False,0,20,,-2.3451900482177734,0.0,0.0,
perch_v2,PITAZU,logistic,INCT41,True,30,600,0.19442725655904058,-2.4830641746520996,0.6666666666666666,0.11428571428571428,0.0
perch_v2,PITAZU,prototype,INCT17,False,1445,2332,0.7910411362369116,inf,0.0,,0.9529411764705882
perch_v2,PITAZU,prototype,INCT20955,False,0,20,,-0.03775720298290253,0.0,0.0,
perch_v2,PITAZU,prototype,INCT4,False,0,20,,-0.03745212033390999,0.0,,
perch_v2,PITAZU,prototype,INCT41,True,30,600,0.15573133573636272,-0.04037144035100937,0.6333333333333333,0.11728395061728394,0.06666666666666667
perch_v2,PITAZU,logistic+R37,INCT17,False,1445,2332,0.8396457802300539,inf,0.0,,0.9688581314878892
perch_v2,PITAZU,logistic+R37,INCT20955,False,0,20,,-4.376399993896484,0.0,0.0,
perch_v2,PITAZU,logistic+R37,INCT4,False,0,20,,-4.368569850921631,0.0,0.0,
perch_v2,PITAZU,logistic+R37,INCT41,True,30,600,0.24448581952676313,-4.426428318023682,0.5333333333333333,0.16494845360824742,0.13333333333333333
perch_v2,PITAZU,logistic+R37=glmm,INCT17,False,1445,2332,0.8396457802300539,inf,0.0,,0.9688581314878892
perch_v2,PITAZU,logistic+R37=glmm,INCT20955,False,0,20,,-4.376399993896484,0.0,0.0,
perch_v2,PITAZU,logistic+R37=glmm,INCT4,False,0,20,,-4.368569850921631,0.0,0.0,
perch_v2,PITAZU,logistic+R37=glmm,INCT41,True,30,600,0.24448581952676313,-4.426428318023682,0.5333333333333333,0.16494845360824742,0.13333333333333333
perch_v2,PITAZU,logistic+R18=64,INCT17,False,1445,2332,0.7177769905728157,inf,0.0,,0.8359861591695502
perch_v2,PITAZU,logistic+R18=64,INCT20955,False,0,20,,-0.6150960326194763,0.0,0.0,
perch_v2,PITAZU,logistic+R18=64,INCT4,False,0,20,,-0.6150960326194763,0.0,0.0,
perch_v2,PITAZU,logistic+R18=64,INCT41,True,30,600,0.4241509223874511,-0.6302146911621094,0.9,0.1956521739130435,0.3333333333333333
perch_v2,LEPLAT,logistic,INCT17,False,0,20,,-3.637972831726074,0.0,0.0,
perch_v2,LEPLAT,logistic,INCT20955,False,1473,3764,0.827062633554374,-2.6212308406829834,0.5804480651731161,0.8990536277602523,0.8893414799728445
perch_v2,LEPLAT,logistic,INCT4,True,82,1640,0.7799207383581633,-3.6464459896087646,0.8414634146341463,0.3988439306358382,0.8292682926829268
perch_v2,LEPLAT,logistic,INCT41,False,0,20,,-3.631978750228882,0.0,0.0,
perch_v2,LEPLAT,prototype,INCT17,False,0,20,,-0.031529590487480164,0.0,0.0,
perch_v2,LEPLAT,prototype,INCT20955,False,1473,3764,0.8703977897541327,-0.06289229542016983,0.9932111337406653,0.32678132678132676,0.9382213170400543
perch_v2,LEPLAT,prototype,INCT4,True,82,1640,0.6553927017714445,-0.031208602711558342,0.2073170731707317,1.0,0.7317073170731707
perch_v2,LEPLAT,prototype,INCT41,False,0,20,,-0.03141450881958008,0.0,,
perch_v2,LEPLAT,logistic+R37,INCT17,False,0,20,,-5.234691619873047,0.0,0.0,
perch_v2,LEPLAT,logistic+R37,INCT20955,False,1473,3764,0.8345559437011114,-4.699289321899414,0.7338764426340801,0.7419354838709677,0.8927359131025119
perch_v2,LEPLAT,logistic+R37,INCT4,True,82,1640,0.78613233337025,-5.221681118011475,0.8292682926829268,0.5151515151515151,0.8292682926829268
perch_v2,LEPLAT,logistic+R37,INCT41,False,0,20,,-5.234691619873047,0.0,0.0,
perch_v2,LEPLAT,logistic+R37=glmm,INCT17,False,0,20,,-3.738381862640381,0.0,0.0,
perch_v2,LEPLAT,logistic+R37=glmm,INCT20955,False,1473,3764,0.8281979706140551,-2.7353367805480957,0.5865580448065173,0.8953367875647669,0.8920570264765784
perch_v2,LEPLAT,logistic+R37=glmm,INCT4,True,82,1640,0.7806162363172399,-3.74639892578125,0.8414634146341463,0.40350877192982454,0.8292682926829268
perch_v2,LEPLAT,logistic+R37=glmm,INCT41,False,0,20,,-3.7249579429626465,0.0,0.0,
perch_v2,LEPLAT,logistic+R18=64,INCT17,False,0,20,,-1.2810207605361938,0.0,0.0,
perch_v2,LEPLAT,logistic+R18=64,INCT20955,False,1473,3764,0.7575603552125384,-0.6035051345825195,0.2878479293957909,0.9724770642201835,0.8105906313645621
perch_v2,LEPLAT,logistic+R18=64,INCT4,True,82,1640,0.7722270794556995,-1.3809095621109009,0.975609756097561,0.15748031496062992,0.8414634146341463
perch_v2,LEPLAT,logistic+R18=64,INCT41,False,0,20,,-1.2746421098709106,0.0,0.0,
