head,reference,diff,lo,hi,significant,p,species,level,p_holm,significant_holm
prototype,logistic,-0.6230046766749322,-0.6635220782393308,-0.5754275192615304,True,0.0,DENMIN,recording,0.0,True
knn:k=5,logistic,-0.4182139311414756,-0.472008742642067,-0.3683406767241232,True,0.0,DENMIN,recording,0.0,True
logistic+R19,logistic,-0.1991967979549368,-0.2411650638706458,-0.1609848545704202,True,0.0,DENMIN,recording,0.0,True
logistic+R20,logistic,-0.5077027637861637,-0.563817061526934,-0.4521665128633865,True,0.0,DENMIN,recording,0.0,True
logistic+R21,logistic,0.0028422549205053,0.0007056615071569,0.0048501844582683,True,0.006,DENMIN,recording,0.18,False
dann,logistic,-0.0065080177918318,-0.0184236110757653,0.0057589889098607,False,0.296,DENMIN,recording,1.0,False
logistic+R37,logistic,-0.0016145491436103,-0.0028764985359318,-0.00054668889129,True,0.004,DENMIN,recording,0.128,False
logistic+R37=glmm,logistic,0.0001686652386262,-0.0004916436862037,0.0008306605586576,False,0.548,DENMIN,recording,1.0,False
logistic+R19+R37,logistic,-0.1943333677490496,-0.242766035539379,-0.1491562229592947,True,0.0,DENMIN,recording,0.0,True
logistic+R13,logistic,0.0059307182768981,0.0020103206037102,0.0104287820802796,True,0.002,DENMIN,recording,0.07,False
loss:focal,logistic,-0.0050332950889655,-0.0074387852521079,-0.0029866438108287,True,0.0,DENMIN,recording,0.0,True
logistic+R18=64,logistic,-0.0033141161617636,-0.0165042652700516,0.0108196283054147,False,0.706,DENMIN,recording,1.0,False
lda_shrunk,logistic,0.0088413692777838,-0.0041198802820924,0.0222439369136478,False,0.186,DENMIN,recording,1.0,False
prototype,logistic,-0.0077152176089636,-0.0282719462608513,0.0135958440192521,False,0.446,BOAFAB,recording,1.0,False
knn:k=5,logistic,-0.0132186860953574,-0.0322004594211321,0.0063364317218134,False,0.154,BOAFAB,recording,1.0,False
logistic+R19,logistic,-0.0106086591957353,-0.018288377800896,-0.0047772180529106,True,0.0,BOAFAB,recording,0.0,True
logistic+R20,logistic,-0.004992061891873,-0.0094989542691,-0.0005520253029268,True,0.014,BOAFAB,recording,0.406,False
logistic+R21,logistic,-0.0018386520893639,-0.003683187328053,-0.0004906342559766,True,0.002,BOAFAB,recording,0.07,False
dann,logistic,-0.0054318190721976,-0.0202961569967048,0.0088217270231912,False,0.442,BOAFAB,recording,1.0,False
logistic+R37,logistic,-0.0071450992218452,-0.0121681450717541,-0.0029793439617786,True,0.0,BOAFAB,recording,0.0,True
logistic+R37=glmm,logistic,-5.896467570032371e-05,-0.0002393445371158,4.348508827655413e-05,False,0.326,BOAFAB,recording,1.0,False
logistic+R19+R37,logistic,-0.0371242181687028,-0.0554585621165469,-0.0215738648664638,True,0.0,BOAFAB,recording,0.0,True
logistic+R13,logistic,9.832677906762566e-05,-0.0023560452438192,0.0031619870555213,False,0.974,BOAFAB,recording,1.0,False
loss:focal,logistic,0.000223858527278,-0.001758663931997,0.0027984884993751,False,0.938,BOAFAB,recording,1.0,False
logistic+R18=64,logistic,0.002078655669593,-0.0094722559043273,0.0107478842667446,False,0.67,BOAFAB,recording,1.0,False
lda_shrunk,logistic,-0.005130215302229,-0.0210012755882759,0.0101413202957551,False,0.45,BOAFAB,recording,1.0,False
prototype,logistic,-0.1883749699671837,-0.2370546244914627,-0.1464924413586261,True,0.0,PHYCUV,recording,0.0,True
knn:k=5,logistic,-0.1934250066837765,-0.23561947434369,-0.1517742880734502,True,0.0,PHYCUV,recording,0.0,True
logistic+R19,logistic,-0.0032491960743734,-0.0108177147720004,0.0036558686598386,False,0.346,PHYCUV,recording,1.0,False
logistic+R20,logistic,0.0017414938842527,-0.0070570986785143,0.010644045892477,False,0.722,PHYCUV,recording,1.0,False
logistic+R21,logistic,0.0013256790864496,-0.0014218925616581,0.0045251088078971,False,0.342,PHYCUV,recording,1.0,False
dann,logistic,-0.0408837721031098,-0.0687120416821435,-0.0177213985777266,True,0.0,PHYCUV,recording,0.0,True
logistic+R37,logistic,-0.0053587688433321,-0.0096110296874595,-0.0018770682501078,True,0.0,PHYCUV,recording,0.0,True
logistic+R37=glmm,logistic,9.102716712661164e-05,-0.0006563942951923,0.0008024823757603,False,0.816,PHYCUV,recording,1.0,False
logistic+R19+R37,logistic,-0.0017045101955417,-0.0085402661972856,0.0045682733972444,False,0.568,PHYCUV,recording,1.0,False
logistic+R13,logistic,0.0018960292046956,-0.0020807465972345,0.0058457972823428,False,0.352,PHYCUV,recording,1.0,False
loss:focal,logistic,0.0027813609772595,-6.772965354125969e-05,0.0056747649757668,False,0.056,PHYCUV,recording,1.0,False
logistic+R18=64,logistic,-0.0080427440739255,-0.0167538458423531,0.0008550264495296,False,0.076,PHYCUV,recording,1.0,False
lda_shrunk,logistic,0.0036702485159526,-0.0132406621974323,0.018475553873374,False,0.644,PHYCUV,recording,1.0,False
prototype,logistic,-0.0285066186336298,-0.0629954268186706,0.0034601303377335,False,0.072,PITAZU,recording,1.0,False
knn:k=5,logistic,-0.2631976652739186,-0.3121839389738259,-0.2176561007025829,True,0.0,PITAZU,recording,0.0,True
logistic+R19,logistic,-0.3437700935249803,-0.4058210357591361,-0.2859722023043039,True,0.0,PITAZU,recording,0.0,True
logistic+R20,logistic,-0.3927547864871747,-0.4624052773300594,-0.333439465367854,True,0.0,PITAZU,recording,0.0,True
logistic+R21,logistic,-0.030377106654956,-0.0406732130008219,-0.0233019456713318,True,0.0,PITAZU,recording,0.0,True
dann,logistic,-0.0108476980319853,-0.0472040318503858,0.0244228841410078,False,0.48,PITAZU,recording,1.0,False
logistic+R37,logistic,0.0459054136479375,0.0225174500454342,0.0657057022097545,True,0.0,PITAZU,recording,0.0,True
logistic+R37=glmm,logistic,0.0401875769208728,0.0126646464479665,0.0618739186968831,True,0.002,PITAZU,recording,0.07,False
logistic+R19+R37,logistic,-0.1665693540674155,-0.2219435257852205,-0.1131430895350609,True,0.0,PITAZU,recording,0.0,True
logistic+R13,logistic,-0.123325338331816,-0.1547596045473257,-0.0997671859753472,True,0.0,PITAZU,recording,0.0,True
loss:focal,logistic,-0.0065974583142562,-0.0130211562059748,0.0021104264928343,False,0.116,PITAZU,recording,1.0,False
logistic+R18=64,logistic,0.021214230405306,-0.0055516818247379,0.0498673571529735,False,0.106,PITAZU,recording,1.0,False
lda_shrunk,logistic,-0.0291264385982533,-0.0979805256499316,0.0326865668514296,False,0.364,PITAZU,recording,1.0,False
prototype,logistic,0.0992698921359647,0.0416089930168582,0.1554381051312231,True,0.0,LEPLAT,recording,0.0,True
knn:k=5,logistic,-0.2687087557368218,-0.3292388934157348,-0.2109365280294394,True,0.0,LEPLAT,recording,0.0,True
logistic+R19,logistic,-0.5211991532834943,-0.5784978136720137,-0.4682935357861043,True,0.0,LEPLAT,recording,0.0,True
logistic+R20,logistic,-0.5281472631161919,-0.5860430464227219,-0.4739687094070876,True,0.0,LEPLAT,recording,0.0,True
logistic+R21,logistic,-0.1740049601784863,-0.2048781406566778,-0.1418067940416607,True,0.0,LEPLAT,recording,0.0,True
dann,logistic,-0.0495819609293226,-0.0841930207541166,-0.0111503398738902,True,0.004,LEPLAT,recording,0.128,False
logistic+R37,logistic,-0.0202710780728664,-0.0365606222637234,-0.0019260193573251,True,0.028,LEPLAT,recording,0.784,False
logistic+R37=glmm,logistic,-0.0007436118769781,-0.0023210737474296,0.0007103275737248,False,0.324,LEPLAT,recording,1.0,False
logistic+R19+R37,logistic,-0.370180124399711,-0.4238486239919924,-0.3189410689753363,True,0.0,LEPLAT,recording,0.0,True
logistic+R13,logistic,-0.0799618626536323,-0.0987287275316172,-0.0575618244920297,True,0.0,LEPLAT,recording,0.0,True
loss:focal,logistic,-0.017282832437655,-0.0245119862339982,-0.010618562087082,True,0.0,LEPLAT,recording,0.0,True
logistic+R18=64,logistic,-0.0982701153072523,-0.125895514047674,-0.0640917416933096,True,0.0,LEPLAT,recording,0.0,True
lda_shrunk,logistic,-0.2717538666336021,-0.3339063795243415,-0.2105494160039374,True,0.0,LEPLAT,recording,0.0,True
prototype,logistic,-0.6361326594750396,-0.6766975046157653,-0.5919963429639936,True,0.0,DENMIN,window,0.0,True
knn:k=5,logistic,-0.5164343863410898,-0.5698630974625777,-0.464706913346119,True,0.0,DENMIN,window,0.0,True
logistic+R19,logistic,-0.2871079030236531,-0.3369290093328976,-0.2435453299135258,True,0.0,DENMIN,window,0.0,True
logistic+R20,logistic,-0.5652472951243547,-0.6171464750941624,-0.5100630953579378,True,0.0,DENMIN,window,0.0,True
logistic+R21,logistic,0.0046780687407949,0.0024176246568687,0.0073042998175564,True,0.0,DENMIN,window,0.0,True
dann,logistic,-0.0087132544015117,-0.0190796242185819,0.0021015504090891,False,0.118,DENMIN,window,1.0,False
logistic+R37,logistic,0.0001015977337287,-0.0005575415986933,0.0008194079381599,False,0.708,DENMIN,window,1.0,False
logistic+R37=glmm,logistic,0.0006747265514044,-8.181729590415742e-05,0.0013615262366623,False,0.082,DENMIN,window,1.0,False
logistic+R19+R37,logistic,-0.1391320409920149,-0.1687897412522882,-0.1138101225146095,True,0.0,DENMIN,window,0.0,True
logistic+R13,logistic,0.0106744461842205,0.0066513876504601,0.0156506066974715,True,0.0,DENMIN,window,0.0,True
loss:focal,logistic,-0.0068403487925221,-0.0096526644157016,-0.0045709075676457,True,0.0,DENMIN,window,0.0,True
logistic+R18=64,logistic,-0.0021896453120969,-0.0116910827666535,0.007703751169457,False,0.7,DENMIN,window,1.0,False
lda_shrunk,logistic,-0.0007631429028793,-0.0131620456595518,0.0111781453370508,False,0.834,DENMIN,window,1.0,False
prototype,logistic,-0.015197058953866,-0.0313156703298675,0.003629975722177,False,0.1,BOAFAB,window,1.0,False
knn:k=5,logistic,-0.010249919703071,-0.0256052695983849,0.0077673817435113,False,0.256,BOAFAB,window,1.0,False
logistic+R19,logistic,-0.008955717442349,-0.0168166694529009,-0.0017541669858577,True,0.02,BOAFAB,window,0.56,False
logistic+R20,logistic,-0.0052031335588541,-0.0105940200047856,0.0001838097226847,False,0.054,BOAFAB,window,1.0,False
logistic+R21,logistic,-0.0006605513878048,-0.0025065712541863,0.0010997133019288,False,0.456,BOAFAB,window,1.0,False
dann,logistic,-0.0161864762367367,-0.0308931712011324,-0.0023568529300419,True,0.02,BOAFAB,window,0.56,False
logistic+R37,logistic,-0.0025465454212606,-0.0043837829460425,-0.00109752481403,True,0.0,BOAFAB,window,0.0,True
logistic+R37=glmm,logistic,-7.676280700197324e-05,-0.0001612699355996,-4.79342284273321e-06,True,0.042,BOAFAB,window,1.0,False
logistic+R19+R37,logistic,-0.0149783628197253,-0.023567621000616,-0.0077169114039536,True,0.0,BOAFAB,window,0.0,True
logistic+R13,logistic,0.0021168132126923,-0.000590168682862,0.0050037296576737,False,0.134,BOAFAB,window,1.0,False
loss:focal,logistic,-0.0004886735718511,-0.0021196355710751,0.0010837787820965,False,0.512,BOAFAB,window,1.0,False
logistic+R18=64,logistic,0.0017263549930269,-0.0026363472996344,0.0068280814496471,False,0.48,BOAFAB,window,1.0,False
lda_shrunk,logistic,-0.0083512133483266,-0.0214388703242372,0.004492159836498,False,0.198,BOAFAB,window,1.0,False
prototype,logistic,-0.1885048670526345,-0.2337924482443782,-0.145187818605865,True,0.0,PHYCUV,window,0.0,True
knn:k=5,logistic,-0.3259799281703026,-0.383545033908105,-0.271304392150759,True,0.0,PHYCUV,window,0.0,True
logistic+R19,logistic,-0.0024656170586264,-0.0112523121326943,0.0064364955882446,False,0.548,PHYCUV,window,1.0,False
logistic+R20,logistic,-0.0024004200997713,-0.0136169126942274,0.008894039881317,False,0.638,PHYCUV,window,1.0,False
logistic+R21,logistic,0.0019389772957437,-0.0011941995748514,0.0054028845794145,False,0.232,PHYCUV,window,1.0,False
dann,logistic,-0.0595850668814499,-0.0988830891673718,-0.029704491703319,True,0.0,PHYCUV,window,0.0,True
logistic+R37,logistic,-0.0033934600718347,-0.0055593871961553,-0.001479915170637,True,0.0,PHYCUV,window,0.0,True
logistic+R37=glmm,logistic,0.000284991920653,-0.0002039092175261,0.0007952107524046,False,0.296,PHYCUV,window,1.0,False
logistic+R19+R37,logistic,-0.0021595968005716,-0.0101085382006002,0.0055896571516376,False,0.558,PHYCUV,window,1.0,False
logistic+R13,logistic,-0.0016501516343078,-0.0048681166482575,0.0015515230706983,False,0.38,PHYCUV,window,1.0,False
loss:focal,logistic,0.0031588495024834,0.0002033740857485,0.0063363067326792,True,0.036,PHYCUV,window,0.936,False
logistic+R18=64,logistic,0.0040125129055541,-0.0061451702036017,0.0136735441659808,False,0.474,PHYCUV,window,1.0,False
lda_shrunk,logistic,0.004135625368773,-0.0153732180116191,0.0229700926516768,False,0.658,PHYCUV,window,1.0,False
prototype,logistic,-0.03089582668203,-0.0614477674379096,-0.0013403639287748,True,0.04,PITAZU,window,1.0,False
knn:k=5,logistic,-0.3252744542763491,-0.3651552591441674,-0.2865052001978578,True,0.0,PITAZU,window,0.0,True
logistic+R19,logistic,-0.2395655366911102,-0.2735220271475134,-0.2046591971533139,True,0.0,PITAZU,window,0.0,True
logistic+R20,logistic,-0.2865461159508,-0.3226371781041888,-0.2507919294562136,True,0.0,PITAZU,window,0.0,True
logistic+R21,logistic,-0.0311640206369859,-0.0370517712417428,-0.0259363654478004,True,0.0,PITAZU,window,0.0,True
dann,logistic,-0.0512401508424201,-0.0871607518180046,-0.0183632395594041,True,0.002,PITAZU,window,0.058,False
logistic+R37,logistic,0.0473271788881982,0.0357096773453078,0.0598974533765502,True,0.0,PITAZU,window,0.0,True
logistic+R37=glmm,logistic,0.0457779714248421,0.0338173444568414,0.0589210807404362,True,0.0,PITAZU,window,0.0,True
logistic+R19+R37,logistic,-0.095914651239056,-0.1246494086487791,-0.0681903377268031,True,0.0,PITAZU,window,0.0,True
logistic+R13,logistic,-0.0925078437324403,-0.1103760053855063,-0.0763792517972928,True,0.0,PITAZU,window,0.0,True
loss:focal,logistic,-0.0077160597028217,-0.0104245884571426,-0.0051853646243275,True,0.0,PITAZU,window,0.0,True
logistic+R18=64,logistic,-0.0627415607291705,-0.084157723577732,-0.0405505790991551,True,0.0,PITAZU,window,0.0,True
lda_shrunk,logistic,-0.1605006205400767,-0.1959046876338675,-0.12929237018261,True,0.0,PITAZU,window,0.0,True
prototype,logistic,0.0523716631362292,0.0182106333098642,0.0891442489779889,True,0.0,LEPLAT,window,0.0,True
knn:k=5,logistic,-0.3213526899744727,-0.3696959252067955,-0.2753934735002264,True,0.0,LEPLAT,window,0.0,True
logistic+R19,logistic,-0.4517732258741418,-0.4927547635597181,-0.4093602868998121,True,0.0,LEPLAT,window,0.0,True
logistic+R20,logistic,-0.4628480978944123,-0.504963153370653,-0.4214037053366812,True,0.0,LEPLAT,window,0.0,True
logistic+R21,logistic,-0.1351928846383823,-0.1620805839168928,-0.110783340980178,True,0.0,LEPLAT,window,0.0,True
dann,logistic,-0.1366320375823523,-0.1741126418381906,-0.104390671865348,True,0.0,LEPLAT,window,0.0,True
logistic+R37,logistic,0.0056500361532104,-0.0002076947376482,0.0123573793218663,False,0.054,LEPLAT,window,1.0,False
logistic+R37=glmm,logistic,0.0005582041484127,7.888546751694268e-06,0.001165781636948,True,0.048,LEPLAT,window,1.0,False
logistic+R19+R37,logistic,-0.2826325233442115,-0.3285493904570817,-0.2425746031499193,True,0.0,LEPLAT,window,0.0,True
logistic+R13,logistic,-0.0716476338431084,-0.0901054032630325,-0.0541363494560386,True,0.0,LEPLAT,window,0.0,True
loss:focal,logistic,-0.0145789505687264,-0.0185528260029178,-0.0110308904123758,True,0.0,LEPLAT,window,0.0,True
logistic+R18=64,logistic,-0.1122709542462753,-0.1388472265252733,-0.0868692076177568,True,0.0,LEPLAT,window,0.0,True
lda_shrunk,logistic,-0.3893438802452227,-0.4333990428749709,-0.3486828700946508,True,0.0,LEPLAT,window,0.0,True
