encoder,head,species,level,diff,lo,hi,p,p_holm,significant_holm
perch_v2,logistic+R37=glmm,DENMIN,fenetre,-0.03621770363639648,-0.08500980609983719,-4.767910417844135e-05,0.006,0.138,False
perch_v2,lda_shrunk,DENMIN,fenetre,-0.005937770645903284,-0.08196417757845446,0.08229790624881476,0.862,1.0,False
perch_bird,logistic,DENMIN,fenetre,-0.03607819984710492,-0.2264567754652568,0.11782637614186571,0.892,1.0,False
perch_bird,logistic+R37=glmm,DENMIN,fenetre,-0.06477164183825407,-0.25021701469281304,0.10715880618738437,0.56,1.0,False
perch_bird,lda_shrunk,DENMIN,fenetre,-0.11581811429981576,-0.3257000903052504,0.046468592456300556,0.28,1.0,False
birdmae_base,logistic,DENMIN,fenetre,-0.24656107281481793,-0.4369878320914317,-0.12245805374548313,0.0,0.0,True
birdmae_base,logistic+R37=glmm,DENMIN,fenetre,-0.2419184742913964,-0.43224050968872074,-0.11443538986839683,0.0,0.0,True
birdmae_base,lda_shrunk,DENMIN,fenetre,-0.21017004974732906,-0.3679844776477948,-0.09153630759645878,0.0,0.0,True
birdmae_huge,logistic,DENMIN,fenetre,-0.2443794014908376,-0.43473866348026624,-0.11760642231296245,0.0,0.0,True
birdmae_huge,logistic+R37=glmm,DENMIN,fenetre,-0.243279508238416,-0.43337160396495744,-0.11642215272261762,0.0,0.0,True
birdmae_huge,lda_shrunk,DENMIN,fenetre,-0.17283342741955843,-0.349862267240323,-0.009622212172886419,0.03,0.57,False
perch_v2,logistic+R37=glmm,PITAZU,fenetre,0.01941828247025157,0.01182098121724664,0.027485066743583773,0.0,0.0,True
perch_v2,lda_shrunk,PITAZU,fenetre,-0.09417244571535333,-0.18479991059185633,-0.059598494902479524,0.0,0.0,True
perch_bird,logistic,PITAZU,fenetre,0.04701865525832072,-0.03866844281643984,0.18151719600524527,0.312,1.0,False
perch_bird,logistic+R37=glmm,PITAZU,fenetre,0.054938900955327385,-0.03152219310172499,0.19192912924975358,0.212,1.0,False
perch_bird,lda_shrunk,PITAZU,fenetre,-0.0657151633658622,-0.1516621117862968,-0.028466945433179538,0.0,0.0,True
birdmae_base,logistic,PITAZU,fenetre,-0.23350731848170286,-0.3209133833441436,-0.19211679061938972,0.0,0.0,True
birdmae_base,logistic+R37=glmm,PITAZU,fenetre,-0.21530778241183177,-0.3046415323950576,-0.17165758500502773,0.0,0.0,True
birdmae_base,lda_shrunk,PITAZU,fenetre,-0.14946171019251703,-0.2380069846593239,-0.10390988207813168,0.0,0.0,True
birdmae_huge,logistic,PITAZU,fenetre,-0.20418340882553287,-0.2934336132572421,-0.15446520460917654,0.0,0.0,True
birdmae_huge,logistic+R37=glmm,PITAZU,fenetre,-0.19231297587630314,-0.2829831905833906,-0.14177355350866852,0.0,0.0,True
birdmae_huge,lda_shrunk,PITAZU,fenetre,-0.24535108582857812,-0.33636830141957463,-0.2011812655245005,0.0,0.0,True
perch_v2,logistic+R37=glmm,PHYCUV,fenetre,-0.0006679885183470402,-0.0012712005259091302,-5.668517973377586e-05,0.034,0.6120000000000001,False
perch_v2,lda_shrunk,PHYCUV,fenetre,-0.036757065696309876,-0.0748401008966129,-0.0012690441898024752,0.046,0.782,False
perch_bird,logistic,PHYCUV,fenetre,-0.07705369705188347,-0.10841640108202939,-0.04705113873170501,0.0,0.0,True
perch_bird,logistic+R37=glmm,PHYCUV,fenetre,-0.07808937686471928,-0.10940497751650138,-0.04772256076711212,0.0,0.0,True
perch_bird,lda_shrunk,PHYCUV,fenetre,-0.11542803100267196,-0.17277385199124012,-0.06451801008568787,0.0,0.0,True
birdmae_base,logistic,PHYCUV,fenetre,-0.47084899213525927,-0.5403319656511362,-0.3996559647358536,0.0,0.0,True
birdmae_base,logistic+R37=glmm,PHYCUV,fenetre,-0.4741236648363437,-0.5445124851444233,-0.40119217474454016,0.0,0.0,True
birdmae_base,lda_shrunk,PHYCUV,fenetre,-0.35882744566743596,-0.4102113682968132,-0.3002853202541661,0.0,0.0,True
birdmae_huge,logistic,PHYCUV,fenetre,-0.4245033744879178,-0.48649109898691967,-0.36301531181115326,0.0,0.0,True
birdmae_huge,logistic+R37=glmm,PHYCUV,fenetre,-0.4229091334994855,-0.4873589675353096,-0.36038149216992943,0.0,0.0,True
birdmae_huge,lda_shrunk,PHYCUV,fenetre,-0.3116361816723966,-0.3744027011599652,-0.2311888832142507,0.0,0.0,True
perch_v2,logistic+R37=glmm,LEPLAT,fenetre,0.000703769855599834,0.000293264929912182,0.001454782414162095,0.0,0.0,True
perch_v2,lda_shrunk,LEPLAT,fenetre,-0.12826956405702283,-0.23572899933354613,-0.037204532402973,0.008,0.176,False
perch_bird,logistic,LEPLAT,fenetre,-0.004370273342725772,-0.049757720454893115,0.03531116671353851,0.652,1.0,False
perch_bird,logistic+R37=glmm,LEPLAT,fenetre,-0.004068225697256733,-0.049933007032413025,0.0355920538352737,0.658,1.0,False
perch_bird,lda_shrunk,LEPLAT,fenetre,-0.2834292433169363,-0.41224985574725037,-0.15947315354586375,0.0,0.0,True
birdmae_base,logistic,LEPLAT,fenetre,-0.38625895798754223,-0.5281390061006597,-0.23507232486039698,0.0,0.0,True
birdmae_base,logistic+R37=glmm,LEPLAT,fenetre,-0.3808981353040183,-0.5192153504170389,-0.23069998951042556,0.0,0.0,True
birdmae_base,lda_shrunk,LEPLAT,fenetre,-0.2553782908065282,-0.3855866733871647,-0.12728177829891468,0.002,0.048,True
birdmae_huge,logistic,LEPLAT,fenetre,-0.4671942888418414,-0.5924126872249538,-0.3190020916285704,0.0,0.0,True
birdmae_huge,logistic+R37=glmm,LEPLAT,fenetre,-0.46169564384174777,-0.5870564422762801,-0.3147855642465271,0.0,0.0,True
birdmae_huge,lda_shrunk,LEPLAT,fenetre,-0.38535237324956007,-0.5092918837246343,-0.2424200875440754,0.0,0.0,True
perch_v2,logistic+R37=glmm,BOAFAB,fenetre,-0.0005784926958767311,-0.0015513950939704062,0.0002507838237003928,0.196,1.0,False
perch_v2,lda_shrunk,BOAFAB,fenetre,-0.005055119167596711,-0.016645833913748295,0.006823440604698698,0.382,1.0,False
perch_bird,logistic,BOAFAB,fenetre,0.010571724206795308,-0.003942046252009207,0.029495458883313886,0.252,1.0,False
perch_bird,logistic+R37=glmm,BOAFAB,fenetre,0.010419289775866813,-0.0040000072981015156,0.029366197102008624,0.264,1.0,False
perch_bird,lda_shrunk,BOAFAB,fenetre,0.00028721212643645355,-0.01586810056690812,0.019852835561487734,0.972,1.0,False
birdmae_base,logistic,BOAFAB,fenetre,-0.02733327709303368,-0.05397724028685534,-0.00016318375624404166,0.046,0.782,False
birdmae_base,logistic+R37=glmm,BOAFAB,fenetre,-0.02762358727655656,-0.05465063066500699,-0.0003753175079086531,0.046,0.782,False
birdmae_base,lda_shrunk,BOAFAB,fenetre,-0.011464352466880934,-0.0303952004948215,0.006570160186487169,0.194,1.0,False
birdmae_huge,logistic,BOAFAB,fenetre,-0.02402465896260808,-0.045228452204769815,-0.0044332161865952196,0.024,0.48,False
birdmae_huge,logistic+R37=glmm,BOAFAB,fenetre,-0.024359148863512092,-0.04547350635835233,-0.004361221891893702,0.02,0.42,False
birdmae_huge,lda_shrunk,BOAFAB,fenetre,-0.03377881648621961,-0.053802949417145814,-0.016156235862519398,0.0,0.0,True
perch_v2,logistic+R37=glmm,DENMIN,minute,-0.05577783456107388,-0.22283867869217383,-9.407369486238997e-06,0.038,1.0,False
perch_v2,lda_shrunk,DENMIN,minute,-0.006504602322685571,-0.1795120489387921,0.0955725204375816,0.764,1.0,False
perch_bird,logistic,DENMIN,minute,-0.07048654284729083,-0.19687058229913665,0.185130110961543,0.79,1.0,False
perch_bird,logistic+R37=glmm,DENMIN,minute,-0.10655010227631156,-0.20940842879332813,0.16945166937572748,0.526,1.0,False
perch_bird,lda_shrunk,DENMIN,minute,-0.1825057685194496,-0.3117219516895116,0.10369704746054736,0.386,1.0,False
birdnet,logistic,DENMIN,minute,-0.06619268838254744,-0.28333178189733715,0.06109950844802226,0.704,1.0,False
birdnet,logistic+R37=glmm,DENMIN,minute,-0.07034026959308715,-0.28983551912063305,0.060789147190480015,0.7,1.0,False
birdnet,lda_shrunk,DENMIN,minute,-0.08646207181428933,-0.3014617134552036,0.03660649689311362,0.39,1.0,False
birdmae_base,logistic,DENMIN,minute,-0.3430125328983828,-0.42858727357434356,-0.08390649907459498,0.0,0.0,True
birdmae_base,logistic+R37=glmm,DENMIN,minute,-0.3372843685876305,-0.4220406387856018,-0.07667465017156333,0.0,0.0,True
birdmae_base,lda_shrunk,DENMIN,minute,-0.2533483166266863,-0.36756080090828375,-0.0272064564446697,0.0,0.0,True
birdmae_huge,logistic,DENMIN,minute,-0.33300315709292666,-0.42111882585469806,-0.06767778572997864,0.0,0.0,True
birdmae_huge,logistic+R37=glmm,DENMIN,minute,-0.3310703253656951,-0.4192817679922876,-0.06712453616649282,0.0,0.0,True
birdmae_huge,lda_shrunk,DENMIN,minute,-0.23022183708256594,-0.3334805063737912,0.05450120660562048,0.16,1.0,False
protoclr,logistic,DENMIN,minute,-0.32179010441900835,-0.4173784890827002,-0.03923473579007498,0.002,0.068,False
protoclr,logistic+R37=glmm,DENMIN,minute,-0.3170262496846388,-0.4143350720092843,-0.031421424712520414,0.008,0.24,False
protoclr,lda_shrunk,DENMIN,minute,-0.37220980005469695,-0.4746580498566893,-0.10813326564123478,0.0,0.0,True
perch_v2,logistic+R37=glmm,PITAZU,minute,0.01569865316197927,0.009511089805494213,0.02321773578322777,0.0,0.0,True
perch_v2,lda_shrunk,PITAZU,minute,-0.09630565743141756,-0.22470562056982182,-0.048912615971801694,0.0,0.0,True
perch_bird,logistic,PITAZU,minute,0.1042593979926989,-0.019055706404880947,0.22699934119022697,0.092,1.0,False
perch_bird,logistic+R37=glmm,PITAZU,minute,0.1250452227127642,0.0036108714225851985,0.24842656993726203,0.046,1.0,False
perch_bird,lda_shrunk,PITAZU,minute,-0.05591896615076464,-0.19272645053427606,0.005881481845249366,0.072,1.0,False
birdnet,logistic,PITAZU,minute,0.05340802016910373,-0.09644726352995185,0.17980637936841598,0.526,1.0,False
birdnet,logistic+R37=glmm,PITAZU,minute,0.0722661452925425,-0.08067175765875378,0.202038382706363,0.338,1.0,False
birdnet,lda_shrunk,PITAZU,minute,-0.04347388848370504,-0.17678244743696106,0.009163020753719508,0.122,1.0,False
birdmae_base,logistic,PITAZU,minute,-0.22149357313190665,-0.3631088952830097,-0.15410088053062565,0.0,0.0,True
birdmae_base,logistic+R37=glmm,PITAZU,minute,-0.20928268293255736,-0.34913647306829676,-0.14433634500698533,0.0,0.0,True
birdmae_base,lda_shrunk,PITAZU,minute,-0.1163420354416852,-0.259531722384017,-0.04841177583974654,0.0,0.0,True
birdmae_huge,logistic,PITAZU,minute,-0.19016622889925439,-0.33081181536708143,-0.12348428055188507,0.0,0.0,True
birdmae_huge,logistic+R37=glmm,PITAZU,minute,-0.18507827719779157,-0.32719933879305046,-0.12013571427277263,0.0,0.0,True
birdmae_huge,lda_shrunk,PITAZU,minute,-0.20969078842704825,-0.3535286170277162,-0.13984453431198837,0.0,0.0,True
protoclr,logistic,PITAZU,minute,-0.27722189345248494,-0.4269372302246762,-0.21497646113883942,0.0,0.0,True
protoclr,logistic+R37=glmm,PITAZU,minute,-0.27547177246379595,-0.42884867890088496,-0.21290074680241886,0.0,0.0,True
protoclr,lda_shrunk,PITAZU,minute,-0.1929442322784159,-0.333151542222371,-0.11983475175816646,0.0,0.0,True
perch_v2,logistic+R37=glmm,PHYCUV,minute,-0.00014802326109286668,-0.000564637166373902,0.00016551914359521326,0.376,1.0,False
perch_v2,lda_shrunk,PHYCUV,minute,-0.018227536444885062,-0.04559773262125191,0.001469300574769103,0.076,1.0,False
perch_bird,logistic,PHYCUV,minute,-0.02859494613568203,-0.051740389971141346,-0.007324526911927714,0.006,0.192,False
perch_bird,logistic+R37=glmm,PHYCUV,minute,-0.029259781157737974,-0.0522177491839829,-0.008465417526128224,0.006,0.192,False
perch_bird,lda_shrunk,PHYCUV,minute,-0.06462100643601032,-0.10350710421768249,-0.0328159413419765,0.0,0.0,True
birdnet,logistic,PHYCUV,minute,-0.14821954135354964,-0.19150816658860825,-0.10650064461378943,0.0,0.0,True
birdnet,logistic+R37=glmm,PHYCUV,minute,-0.14965656673367533,-0.19360813581068148,-0.10786694175029948,0.0,0.0,True
birdnet,lda_shrunk,PHYCUV,minute,-0.1459292961443529,-0.18646091983767044,-0.10861279274248993,0.0,0.0,True
birdmae_base,logistic,PHYCUV,minute,-0.4240305873896816,-0.4854220716466442,-0.33919322803914714,0.0,0.0,True
birdmae_base,logistic+R37=glmm,PHYCUV,minute,-0.4271812280854479,-0.48948446526997225,-0.34622850435514946,0.0,0.0,True
birdmae_base,lda_shrunk,PHYCUV,minute,-0.3198154449479871,-0.37520638111917676,-0.24939279879011636,0.0,0.0,True
birdmae_huge,logistic,PHYCUV,minute,-0.370536029216865,-0.42297916677220326,-0.3008866968389928,0.0,0.0,True
birdmae_huge,logistic+R37=glmm,PHYCUV,minute,-0.36964539391860785,-0.4228890053878218,-0.30107719138717204,0.0,0.0,True
birdmae_huge,lda_shrunk,PHYCUV,minute,-0.24727198358444202,-0.30967546916135585,-0.17801391011766288,0.0,0.0,True
protoclr,logistic,PHYCUV,minute,-0.6676197640672805,-0.7065995046450908,-0.5995679705617525,0.0,0.0,True
protoclr,logistic+R37=glmm,PHYCUV,minute,-0.6578617734438801,-0.6986235637959111,-0.5900573460898291,0.0,0.0,True
protoclr,lda_shrunk,PHYCUV,minute,-0.5741368454078701,-0.6306587371775417,-0.49790951769084146,0.0,0.0,True
perch_v2,logistic+R37=glmm,LEPLAT,minute,-5.8211784936146316e-05,-0.0005969651819183574,0.00034114804976845514,0.894,1.0,False
perch_v2,lda_shrunk,LEPLAT,minute,-0.0893516994960254,-0.21196824433911698,0.00011385196146149578,0.052,1.0,False
perch_bird,logistic,LEPLAT,minute,-0.038483156502584936,-0.11588232183784346,0.029024405899765952,0.23,1.0,False
perch_bird,logistic+R37=glmm,LEPLAT,minute,-0.038504745777667604,-0.1161607907375037,0.028496460966667136,0.228,1.0,False
perch_bird,lda_shrunk,LEPLAT,minute,-0.24707776147245786,-0.34655452286480454,-0.1478663448392622,0.0,0.0,True
birdnet,logistic,LEPLAT,minute,-0.3455820173833115,-0.48985974990653547,-0.20783275160298956,0.0,0.0,True
birdnet,logistic+R37=glmm,LEPLAT,minute,-0.3423375266735312,-0.48594377825289725,-0.20522073907188249,0.0,0.0,True
birdnet,lda_shrunk,LEPLAT,minute,-0.5008853907092745,-0.6127729038392671,-0.37371981214273836,0.0,0.0,True
birdmae_base,logistic,LEPLAT,minute,-0.37916554390848045,-0.5297135981721045,-0.2386084658038557,0.0,0.0,True
birdmae_base,logistic+R37=glmm,LEPLAT,minute,-0.38503942005050684,-0.5316247006519987,-0.2512658348247105,0.0,0.0,True
birdmae_base,lda_shrunk,LEPLAT,minute,-0.2179675588208998,-0.3841336267832138,-0.06681610822655024,0.01,0.29,False
birdmae_huge,logistic,LEPLAT,minute,-0.49233479661388047,-0.617558651855735,-0.34970993009220197,0.0,0.0,True
birdmae_huge,logistic+R37=glmm,LEPLAT,minute,-0.4883046493737486,-0.6125328170176954,-0.3472623687780759,0.0,0.0,True
birdmae_huge,lda_shrunk,LEPLAT,minute,-0.4122311263881333,-0.5371637592383715,-0.2684715565211802,0.0,0.0,True
protoclr,logistic,LEPLAT,minute,-0.5522311607811923,-0.6730976452675251,-0.419463249424393,0.0,0.0,True
protoclr,logistic+R37=glmm,LEPLAT,minute,-0.5242805753941703,-0.6483009342744374,-0.3886959200850205,0.0,0.0,True
protoclr,lda_shrunk,LEPLAT,minute,-0.5666032801188425,-0.6797927652725216,-0.4392175588800358,0.0,0.0,True
perch_v2,logistic+R37=glmm,BOAFAB,minute,0.00010510323803059052,-0.0011359817001986156,0.0018968269289541893,0.974,1.0,False
perch_v2,lda_shrunk,BOAFAB,minute,-0.010482165805466126,-0.022892468694420926,0.0007203612431903252,0.072,1.0,False
perch_bird,logistic,BOAFAB,minute,0.0005540312014759019,-0.006246994494627042,0.008215749607016251,0.94,1.0,False
perch_bird,logistic+R37=glmm,BOAFAB,minute,0.00044708270236260006,-0.0064029341570309845,0.008341674669661724,0.944,1.0,False
perch_bird,lda_shrunk,BOAFAB,minute,-0.011677967920581733,-0.021837337323094525,-0.0030235456535922882,0.002,0.068,False
birdnet,logistic,BOAFAB,minute,-0.011719319159103847,-0.026962097482051285,0.00027475591690844387,0.058,1.0,False
birdnet,logistic+R37=glmm,BOAFAB,minute,-0.011439885296184005,-0.02694724247382843,0.00045315062498082126,0.066,1.0,False
birdnet,lda_shrunk,BOAFAB,minute,-0.021389285098176614,-0.04019327290830353,-0.006160687101472058,0.01,0.29,False
birdmae_base,logistic,BOAFAB,minute,-0.05054086747264086,-0.07949301649009188,-0.02701339321526917,0.0,0.0,True
birdmae_base,logistic+R37=glmm,BOAFAB,minute,-0.05165291163491115,-0.0800740670336669,-0.028054373280969894,0.0,0.0,True
birdmae_base,lda_shrunk,BOAFAB,minute,-0.030637106075102283,-0.05111652159138796,-0.011757412381229,0.0,0.0,True
birdmae_huge,logistic,BOAFAB,minute,-0.04553471992545588,-0.06876668631048245,-0.023984760312236203,0.0,0.0,True
birdmae_huge,logistic+R37=glmm,BOAFAB,minute,-0.04718251337373336,-0.07151076768810707,-0.0248980233610907,0.0,0.0,True
birdmae_huge,lda_shrunk,BOAFAB,minute,-0.04323498787969626,-0.06533309303896338,-0.023610780336426808,0.0,0.0,True
protoclr,logistic,BOAFAB,minute,-0.13540926445633394,-0.1766052473327106,-0.09809215480966978,0.0,0.0,True
protoclr,logistic+R37=glmm,BOAFAB,minute,-0.13909302559370817,-0.1815738568417689,-0.10154013893402074,0.0,0.0,True
protoclr,lda_shrunk,BOAFAB,minute,-0.10700702458073419,-0.1411315821255634,-0.07450465764891624,0.0,0.0,True
