job,secondes
protoclr_PITAZU,49.0
protoclr_DENMIN,352.0
birdmae_base_PHYCUV,475.0
birdnet_PHYCUV,1809.0
birdnet_LEPLAT,341.0
perch_v2_PHYCUV,1688.0
birdmae_base_BOAFAB,168.0
birdnet_BOAFAB,620.0
birdmae_base_DENMIN,231.0
perch_bird_DENMIN,581.0
birdmae_huge_PHYCUV,453.0
birdmae_huge_BOAFAB,202.0
birdmae_huge_LEPLAT,216.0
perch_bird_LEPLAT,221.0
birdmae_base_PITAZU,62.0
protoclr_BOAFAB,163.0
perch_bird_PITAZU,150.0
birdnet_PITAZU,201.0
perch_v2_DENMIN,905.0
protoclr_PHYCUV,556.0
protoclr_LEPLAT,97.0
perch_v2_LEPLAT,347.0
birdnet_DENMIN,716.0
perch_bird_PHYCUV,1301.0
perch_v2_PITAZU,231.0
perch_v2_BOAFAB,670.0
birdmae_base_LEPLAT,91.0
birdmae_huge_DENMIN,357.0
birdmae_huge_PITAZU,129.0
perch_bird_BOAFAB,451.0
