encoder,species,head,site,n_pos,n,recall_ailleurs,precision_ailleurs,recall_sur_place
perch_v2,DENMIN,logistic,INCT17,1756,3952,0.8337129840546698,0.9721115537848606,0.9971526195899773
perch_v2,DENMIN,logistic,INCT20955,240,5542,0.8833333333333333,0.04961385443482331,0.03333333333333333
perch_v2,DENMIN,logistic,INCT4,6,4991,1.0,0.01948051948051948,0.5
perch_v2,DENMIN,logistic+R37=glmm,INCT17,1756,3952,0.8189066059225513,0.972936400541272,0.9971526195899773
perch_v2,DENMIN,logistic+R37=glmm,INCT20955,240,5542,0.8833333333333333,0.04973023692235515,0.03333333333333333
perch_v2,DENMIN,logistic+R37=glmm,INCT4,6,4991,0.8333333333333334,0.016666666666666666,0.3333333333333333
perch_v2,DENMIN,lda_shrunk,INCT17,1756,3952,0.7095671981776766,0.9811023622047244,0.9994305239179955
perch_v2,DENMIN,lda_shrunk,INCT20955,240,5542,0.9708333333333333,0.05363720073664825,0.004166666666666667
perch_v2,DENMIN,lda_shrunk,INCT4,6,4991,0.6666666666666666,0.0392156862745098,0.3333333333333333
perch_bird,DENMIN,logistic,INCT17,1756,3952,0.7369020501138952,0.984779299847793,0.9994305239179955
perch_bird,DENMIN,logistic,INCT20955,240,5542,0.9708333333333333,0.05559532331185874,0.20833333333333334
perch_bird,DENMIN,logistic,INCT4,6,4991,1.0,0.010752688172043012,0.0
perch_bird,DENMIN,logistic+R37=glmm,INCT17,1756,3952,0.6514806378132119,0.9887640449438202,0.9994305239179955
perch_bird,DENMIN,logistic+R37=glmm,INCT20955,240,5542,0.9833333333333333,0.05350260711856722,0.20833333333333334
perch_bird,DENMIN,logistic+R37=glmm,INCT4,6,4991,1.0,0.013303769401330377,0.0
perch_bird,DENMIN,lda_shrunk,INCT17,1756,3952,0.837129840546697,0.9526895657809462,0.9982915717539863
perch_bird,DENMIN,lda_shrunk,INCT20955,240,5542,0.6875,0.09243697478991597,0.016666666666666666
perch_bird,DENMIN,lda_shrunk,INCT4,6,4991,1.0,0.008310249307479225,0.0
birdnet,DENMIN,logistic,INCT17,2439,6504,0.8134481344813448,0.9640427599611273,0.995489954899549
birdnet,DENMIN,logistic,INCT20955,272,9229,1.0,0.0331747774118795,0.04044117647058824
birdnet,DENMIN,logistic,INCT4,6,8320,0.6666666666666666,0.04938271604938271,0.3333333333333333
birdnet,DENMIN,logistic+R37=glmm,INCT17,2439,6504,0.8417384173841739,0.9495837187789085,0.994259942599426
birdnet,DENMIN,logistic+R37=glmm,INCT20955,272,9229,1.0,0.033801416677022494,0.04044117647058824
birdnet,DENMIN,logistic+R37=glmm,INCT4,6,8320,0.3333333333333333,0.029411764705882353,0.3333333333333333
birdnet,DENMIN,lda_shrunk,INCT17,2439,6504,0.8856088560885609,0.8720226079935406,0.993029930299303
birdnet,DENMIN,lda_shrunk,INCT20955,272,9229,0.39338235294117646,0.08763308763308764,0.0
birdnet,DENMIN,lda_shrunk,INCT4,6,8320,1.0,0.037037037037037035,0.3333333333333333
birdmae_base,DENMIN,logistic,INCT17,1756,3952,0.0,,0.9544419134396356
birdmae_base,DENMIN,logistic,INCT20955,240,5542,0.08333333333333333,0.05063291139240506,0.0
birdmae_base,DENMIN,logistic,INCT4,6,4991,0.0,0.0,0.0
birdmae_base,DENMIN,logistic+R37=glmm,INCT17,1756,3952,0.0,,0.9618451025056948
birdmae_base,DENMIN,logistic+R37=glmm,INCT20955,240,5542,0.09166666666666666,0.04330708661417323,0.0
birdmae_base,DENMIN,logistic+R37=glmm,INCT4,6,4991,0.0,0.0,0.0
birdmae_base,DENMIN,lda_shrunk,INCT17,1756,3952,0.0,,0.9908883826879271
birdmae_base,DENMIN,lda_shrunk,INCT20955,240,5542,0.5666666666666667,0.08004708652148322,0.0
birdmae_base,DENMIN,lda_shrunk,INCT4,6,4991,0.5,0.013215859030837005,0.0
birdmae_huge,DENMIN,logistic,INCT17,1756,3952,0.0,,0.969248291571754
birdmae_huge,DENMIN,logistic,INCT20955,240,5542,0.35,0.056833558863328824,0.0
birdmae_huge,DENMIN,logistic,INCT4,6,4991,0.0,0.0,0.0
birdmae_huge,DENMIN,logistic+R37=glmm,INCT17,1756,3952,0.0,,0.9726651480637813
birdmae_huge,DENMIN,logistic+R37=glmm,INCT20955,240,5542,0.42916666666666664,0.05738161559888579,0.0
birdmae_huge,DENMIN,logistic+R37=glmm,INCT4,6,4991,0.0,0.0,0.0
birdmae_huge,DENMIN,lda_shrunk,INCT17,1756,3952,0.2955580865603645,0.8856655290102389,0.9869020501138952
birdmae_huge,DENMIN,lda_shrunk,INCT20955,240,5542,0.7875,0.09021479713603818,0.11666666666666667
birdmae_huge,DENMIN,lda_shrunk,INCT4,6,4991,0.3333333333333333,0.020833333333333332,0.0
protoclr,DENMIN,logistic,INCT17,1541,3305,0.0,,0.9967553536664504
protoclr,DENMIN,logistic,INCT20955,225,4630,0.16444444444444445,0.12131147540983607,0.0
protoclr,DENMIN,logistic,INCT4,6,4160,0.0,0.0,0.0
protoclr,DENMIN,logistic+R37=glmm,INCT17,1541,3305,0.0,,0.9967553536664504
protoclr,DENMIN,logistic+R37=glmm,INCT20955,225,4630,0.17333333333333334,0.1455223880597015,0.0
protoclr,DENMIN,logistic+R37=glmm,INCT4,6,4160,0.0,0.0,0.0
protoclr,DENMIN,lda_shrunk,INCT17,1541,3305,0.0,,0.9883192731992213
protoclr,DENMIN,lda_shrunk,INCT20955,225,4630,0.31555555555555553,0.21385542168674698,0.022222222222222223
protoclr,DENMIN,lda_shrunk,INCT4,6,4160,0.0,0.0,0.0
perch_v2,PITAZU,logistic,INCT17,1445,3777,0.0,,0.9667820069204153
perch_v2,PITAZU,logistic,INCT41,30,4331,0.0,,0.0
perch_v2,PITAZU,logistic+R37=glmm,INCT17,1445,3777,0.0,,0.9813148788927336
perch_v2,PITAZU,logistic+R37=glmm,INCT41,30,4331,0.0,,0.0
perch_v2,PITAZU,lda_shrunk,INCT17,1445,3777,0.0,,0.7356401384083044
perch_v2,PITAZU,lda_shrunk,INCT41,30,4331,0.0,0.0,0.0
perch_bird,PITAZU,logistic,INCT17,1445,3777,0.0,,0.8865051903114187
perch_bird,PITAZU,logistic,INCT41,30,4331,0.0,,0.06666666666666667
perch_bird,PITAZU,logistic+R37=glmm,INCT17,1445,3777,0.0,,0.8885813148788927
perch_bird,PITAZU,logistic+R37=glmm,INCT41,30,4331,0.0,,0.06666666666666667
perch_bird,PITAZU,lda_shrunk,INCT17,1445,3777,0.0,,0.7778546712802769
perch_bird,PITAZU,lda_shrunk,INCT41,30,4331,0.0,0.0,0.0
birdnet,PITAZU,logistic,INCT17,2291,6325,0.0,,0.8481012658227848
birdnet,PITAZU,logistic,INCT41,36,7216,0.0,,0.1111111111111111
birdnet,PITAZU,logistic+R37=glmm,INCT17,2291,6325,0.0,,0.9044085552160629
birdnet,PITAZU,logistic+R37=glmm,INCT41,36,7216,0.0,,0.1111111111111111
birdnet,PITAZU,lda_shrunk,INCT17,2291,6325,0.0,,0.8206023570493235
birdnet,PITAZU,lda_shrunk,INCT41,36,7216,0.0,,0.0
birdmae_base,PITAZU,logistic,INCT17,1445,3777,0.0,,0.0
birdmae_base,PITAZU,logistic,INCT41,30,4331,0.0,,0.0
birdmae_base,PITAZU,logistic+R37=glmm,INCT17,1445,3777,0.0,,0.19930795847750865
birdmae_base,PITAZU,logistic+R37=glmm,INCT41,30,4331,0.0,,0.0
birdmae_base,PITAZU,lda_shrunk,INCT17,1445,3777,0.0,,0.7342560553633218
birdmae_base,PITAZU,lda_shrunk,INCT41,30,4331,0.0,0.0,0.0
birdmae_huge,PITAZU,logistic,INCT17,1445,3777,0.0,,0.3176470588235294
birdmae_huge,PITAZU,logistic,INCT41,30,4331,0.0,,0.0
birdmae_huge,PITAZU,logistic+R37=glmm,INCT17,1445,3777,0.0,,0.457439446366782
birdmae_huge,PITAZU,logistic+R37=glmm,INCT41,30,4331,0.0,,0.0
birdmae_huge,PITAZU,lda_shrunk,INCT17,1445,3777,0.0,,0.008996539792387544
birdmae_huge,PITAZU,lda_shrunk,INCT41,30,4331,0.0,,0.0
protoclr,PITAZU,logistic,INCT17,1218,3137,0.0,,0.0
protoclr,PITAZU,logistic,INCT41,29,3609,0.0,,0.0
protoclr,PITAZU,logistic+R37=glmm,INCT17,1218,3137,0.0,,0.0
protoclr,PITAZU,logistic+R37=glmm,INCT41,29,3609,0.0,,0.0
protoclr,PITAZU,lda_shrunk,INCT17,1218,3137,0.0,,0.0
protoclr,PITAZU,lda_shrunk,INCT41,29,3609,0.0,,0.0
perch_v2,PHYCUV,logistic,INCT17,99,4115,0.9494949494949495,0.16206896551724137,0.8888888888888888
perch_v2,PHYCUV,logistic,INCT20955,383,5251,0.7284595300261096,0.7664835164835165,0.8668407310704961
perch_v2,PHYCUV,logistic,INCT41,502,4165,0.9621513944223108,0.696969696969697,0.9840637450199203
perch_v2,PHYCUV,logistic+R37=glmm,INCT17,99,4115,0.9494949494949495,0.16291161178509533,0.8888888888888888
perch_v2,PHYCUV,logistic+R37=glmm,INCT20955,383,5251,0.7310704960835509,0.7629427792915532,0.8694516971279374
perch_v2,PHYCUV,logistic+R37=glmm,INCT41,502,4165,0.9621513944223108,0.7134416543574594,0.9840637450199203
perch_v2,PHYCUV,lda_shrunk,INCT17,99,4115,0.8787878787878788,0.17261904761904762,0.7474747474747475
perch_v2,PHYCUV,lda_shrunk,INCT20955,383,5251,0.8120104438642297,0.7974358974358975,0.9216710182767625
perch_v2,PHYCUV,lda_shrunk,INCT41,502,4165,0.9382470119521913,0.8051282051282052,0.9741035856573705
perch_bird,PHYCUV,logistic,INCT17,99,4115,0.7777777777777778,0.5746268656716418,0.7878787878787878
perch_bird,PHYCUV,logistic,INCT20955,383,5251,0.6762402088772846,0.6108490566037735,0.6971279373368147
perch_bird,PHYCUV,logistic,INCT41,502,4165,0.896414342629482,0.8272058823529411,0.952191235059761
perch_bird,PHYCUV,logistic+R37=glmm,INCT17,99,4115,0.7777777777777778,0.5968992248062015,0.7878787878787878
perch_bird,PHYCUV,logistic+R37=glmm,INCT20955,383,5251,0.6684073107049608,0.6095238095238096,0.6971279373368147
perch_bird,PHYCUV,logistic+R37=glmm,INCT41,502,4165,0.8944223107569721,0.8253676470588235,0.950199203187251
perch_bird,PHYCUV,lda_shrunk,INCT17,99,4115,0.6262626262626263,0.46616541353383456,0.6262626262626263
perch_bird,PHYCUV,lda_shrunk,INCT20955,383,5251,0.6344647519582245,0.7275449101796407,0.7389033942558747
perch_bird,PHYCUV,lda_shrunk,INCT41,502,4165,0.954183266932271,0.6245110821382008,0.9641434262948207
birdnet,PHYCUV,logistic,INCT17,164,6901,0.9329268292682927,0.08528428093645485,0.5853658536585366
birdnet,PHYCUV,logistic,INCT20955,680,8823,0.18529411764705883,0.9692307692307692,0.3411764705882353
birdnet,PHYCUV,logistic,INCT41,830,6997,0.2987951807228916,0.9841269841269841,0.9313253012048193
birdnet,PHYCUV,logistic+R37=glmm,INCT17,164,6901,0.926829268292683,0.08765859284890427,0.573170731707317
birdnet,PHYCUV,logistic+R37=glmm,INCT20955,680,8823,0.18823529411764706,0.9696969696969697,0.3352941176470588
birdnet,PHYCUV,logistic+R37=glmm,INCT41,830,6997,0.30843373493975906,0.9846153846153847,0.9325301204819277
birdnet,PHYCUV,lda_shrunk,INCT17,164,6901,0.8780487804878049,0.14860681114551083,0.725609756097561
birdnet,PHYCUV,lda_shrunk,INCT20955,680,8823,0.29411764705882354,0.7092198581560284,0.35441176470588237
birdnet,PHYCUV,lda_shrunk,INCT41,830,6997,0.689156626506024,0.8194842406876791,0.8939759036144578
birdmae_base,PHYCUV,logistic,INCT17,99,4115,0.5959595959595959,0.145679012345679,0.0
birdmae_base,PHYCUV,logistic,INCT20955,383,5251,0.0,,0.3785900783289817
birdmae_base,PHYCUV,logistic,INCT41,502,4165,0.0,,0.6852589641434262
birdmae_base,PHYCUV,logistic+R37=glmm,INCT17,99,4115,0.6767676767676768,0.14596949891067537,0.0
birdmae_base,PHYCUV,logistic+R37=glmm,INCT20955,383,5251,0.0,,0.4073107049608355
birdmae_base,PHYCUV,logistic+R37=glmm,INCT41,502,4165,0.0,,0.701195219123506
birdmae_base,PHYCUV,lda_shrunk,INCT17,99,4115,0.7676767676767676,0.18225419664268586,0.0
birdmae_base,PHYCUV,lda_shrunk,INCT20955,383,5251,0.46736292428198434,0.685823754789272,0.5509138381201044
birdmae_base,PHYCUV,lda_shrunk,INCT41,502,4165,0.42231075697211157,0.905982905982906,0.8306772908366534
birdmae_huge,PHYCUV,logistic,INCT17,99,4115,0.47474747474747475,0.18146718146718147,0.0
birdmae_huge,PHYCUV,logistic,INCT20955,383,5251,0.0,,0.38903394255874674
birdmae_huge,PHYCUV,logistic,INCT41,502,4165,0.0,,0.7649402390438247
birdmae_huge,PHYCUV,logistic+R37=glmm,INCT17,99,4115,0.48484848484848486,0.17582417582417584,0.0
birdmae_huge,PHYCUV,logistic+R37=glmm,INCT20955,383,5251,0.0,,0.370757180156658
birdmae_huge,PHYCUV,logistic+R37=glmm,INCT41,502,4165,0.0,,0.7669322709163346
birdmae_huge,PHYCUV,lda_shrunk,INCT17,99,4115,0.9090909090909091,0.20689655172413793,0.16161616161616163
birdmae_huge,PHYCUV,lda_shrunk,INCT20955,383,5251,0.43342036553524804,0.4853801169590643,0.4151436031331593
birdmae_huge,PHYCUV,lda_shrunk,INCT41,502,4165,0.50199203187251,0.9473684210526315,0.8784860557768924
protoclr,PHYCUV,logistic,INCT17,84,3424,0.05952380952380952,0.11904761904761904,0.0
protoclr,PHYCUV,logistic,INCT20955,314,4353,0.0,,0.0
protoclr,PHYCUV,logistic,INCT41,433,3468,0.0,,0.3325635103926097
protoclr,PHYCUV,logistic+R37=glmm,INCT17,84,3424,0.03571428571428571,0.08823529411764706,0.0
protoclr,PHYCUV,logistic+R37=glmm,INCT20955,314,4353,0.0,,0.0
protoclr,PHYCUV,logistic+R37=glmm,INCT41,433,3468,0.0,,0.3741339491916859
protoclr,PHYCUV,lda_shrunk,INCT17,84,3424,0.35714285714285715,0.16853932584269662,0.011904761904761904
protoclr,PHYCUV,lda_shrunk,INCT20955,314,4353,0.0031847133757961785,1.0,0.022292993630573247
protoclr,PHYCUV,lda_shrunk,INCT41,433,3468,0.06697459584295612,1.0,0.5080831408775982
perch_v2,LEPLAT,logistic,INCT20955,1473,5237,0.0,,0.8791581805838425
perch_v2,LEPLAT,logistic,INCT4,82,4999,0.0,,0.7317073170731707
perch_v2,LEPLAT,logistic+R37=glmm,INCT20955,1473,5237,0.0,,0.879837067209776
perch_v2,LEPLAT,logistic+R37=glmm,INCT4,82,4999,0.0,,0.7317073170731707
perch_v2,LEPLAT,lda_shrunk,INCT20955,1473,5237,0.0,,0.6720977596741344
perch_v2,LEPLAT,lda_shrunk,INCT4,82,4999,0.0,,0.5365853658536586
perch_bird,LEPLAT,logistic,INCT20955,1473,5237,0.0,,0.778682959945689
perch_bird,LEPLAT,logistic,INCT4,82,4999,0.0,,0.7560975609756098
perch_bird,LEPLAT,logistic+R37=glmm,INCT20955,1473,5237,0.0,,0.780040733197556
perch_bird,LEPLAT,logistic+R37=glmm,INCT4,82,4999,0.0,,0.7560975609756098
perch_bird,LEPLAT,lda_shrunk,INCT20955,1473,5237,0.0,,0.5308893414799728
perch_bird,LEPLAT,lda_shrunk,INCT4,82,4999,0.0,0.0,0.2804878048780488
birdnet,LEPLAT,logistic,INCT20955,2141,8621,0.0,,0.17468472676319477
birdnet,LEPLAT,logistic,INCT4,102,8328,0.0,,0.0196078431372549
birdnet,LEPLAT,logistic+R37=glmm,INCT20955,2141,8621,0.0,,0.20270901447921533
birdnet,LEPLAT,logistic+R37=glmm,INCT4,102,8328,0.0,,0.0196078431372549
birdnet,LEPLAT,lda_shrunk,INCT20955,2141,8621,0.0,,0.17842129845866417
birdnet,LEPLAT,lda_shrunk,INCT4,102,8328,0.0,0.0,0.0
birdmae_base,LEPLAT,logistic,INCT20955,1473,5237,0.0,,0.7393075356415478
birdmae_base,LEPLAT,logistic,INCT4,82,4999,0.0,,0.10975609756097561
birdmae_base,LEPLAT,logistic+R37=glmm,INCT20955,1473,5237,0.0,,0.7718940936863544
birdmae_base,LEPLAT,logistic+R37=glmm,INCT4,82,4999,0.0,,0.08536585365853659
birdmae_base,LEPLAT,lda_shrunk,INCT20955,1473,5237,0.0,,0.8655804480651731
birdmae_base,LEPLAT,lda_shrunk,INCT4,82,4999,0.012195121951219513,1.0,0.12195121951219512
birdmae_huge,LEPLAT,logistic,INCT20955,1473,5237,0.0,,0.35845213849287166
birdmae_huge,LEPLAT,logistic,INCT4,82,4999,0.0,,0.0
birdmae_huge,LEPLAT,logistic+R37=glmm,INCT20955,1473,5237,0.0,,0.3645621181262729
birdmae_huge,LEPLAT,logistic+R37=glmm,INCT4,82,4999,0.0,,0.0
birdmae_huge,LEPLAT,lda_shrunk,INCT20955,1473,5237,0.0,,0.6972165648336728
birdmae_huge,LEPLAT,lda_shrunk,INCT4,82,4999,0.0,,0.012195121951219513
protoclr,LEPLAT,logistic,INCT20955,1269,4366,0.0,,0.0
protoclr,LEPLAT,logistic,INCT4,76,4166,0.0,,0.039473684210526314
protoclr,LEPLAT,logistic+R37=glmm,INCT20955,1269,4366,0.0,,0.0
protoclr,LEPLAT,logistic+R37=glmm,INCT4,76,4166,0.0,,0.11842105263157894
protoclr,LEPLAT,lda_shrunk,INCT20955,1269,4366,0.0,,0.03230890464933018
protoclr,LEPLAT,lda_shrunk,INCT4,76,4166,0.0,,0.0
perch_v2,BOAFAB,logistic,INCT20955,1078,5432,0.9730983302411874,0.8734388009991674,0.9860853432282004
perch_v2,BOAFAB,logistic,INCT4,780,4876,0.9807692307692307,0.8490566037735849,0.9974358974358974
perch_v2,BOAFAB,logistic+R37=glmm,INCT20955,1078,5432,0.9165120593692022,0.992964824120603,0.9860853432282004
perch_v2,BOAFAB,logistic+R37=glmm,INCT4,780,4876,0.9397435897435897,0.918546365914787,0.9961538461538462
perch_v2,BOAFAB,lda_shrunk,INCT20955,1078,5432,0.9517625231910947,0.7796352583586627,0.9814471243042672
perch_v2,BOAFAB,lda_shrunk,INCT4,780,4876,0.982051282051282,0.7021081576535289,0.9897435897435898
perch_bird,BOAFAB,logistic,INCT20955,1078,5432,0.9517625231910947,0.9725118483412323,0.9851576994434137
perch_bird,BOAFAB,logistic,INCT4,780,4876,0.9525641025641025,0.8941034897713598,0.9948717948717949
perch_bird,BOAFAB,logistic+R37=glmm,INCT20955,1078,5432,0.8617810760667903,0.9935828877005347,0.9851576994434137
perch_bird,BOAFAB,logistic+R37=glmm,INCT4,780,4876,0.9525641025641025,0.8941034897713598,0.9935897435897436
perch_bird,BOAFAB,lda_shrunk,INCT20955,1078,5432,0.9406307977736549,0.950328022492971,0.9777365491651205
perch_bird,BOAFAB,lda_shrunk,INCT4,780,4876,0.9756410256410256,0.8018967334035827,0.9987179487179487
birdnet,BOAFAB,logistic,INCT20955,1815,9087,0.925068870523416,0.9437886453063519,0.9862258953168044
birdnet,BOAFAB,logistic,INCT4,1289,8164,0.9332816136539953,0.806841046277666,0.9604344453064391
birdnet,BOAFAB,logistic+R37=glmm,INCT20955,1815,9087,0.8225895316804408,0.992686170212766,0.9873278236914601
birdnet,BOAFAB,logistic+R37=glmm,INCT4,1289,8164,0.934833204034135,0.7938076416337286,0.9604344453064391
birdnet,BOAFAB,lda_shrunk,INCT20955,1815,9087,0.8550964187327824,0.952731737262124,0.9774104683195592
birdnet,BOAFAB,lda_shrunk,INCT4,1289,8164,0.9619860356865787,0.3795531068258341,0.9487975174553918
birdmae_base,BOAFAB,logistic,INCT20955,1078,5432,0.813543599257885,0.9876126126126126,0.9693877551020408
birdmae_base,BOAFAB,logistic,INCT4,780,4876,0.7948717948717948,0.943683409436834,0.9294871794871795
birdmae_base,BOAFAB,logistic+R37=glmm,INCT20955,1078,5432,0.059369202226345084,1.0,0.9721706864564007
birdmae_base,BOAFAB,logistic+R37=glmm,INCT4,780,4876,0.005128205128205128,1.0,0.9282051282051282
birdmae_base,BOAFAB,lda_shrunk,INCT20955,1078,5432,0.9211502782931354,0.9678362573099415,0.9721706864564007
birdmae_base,BOAFAB,lda_shrunk,INCT4,780,4876,0.9217948717948717,0.8579952267303103,0.9833333333333333
birdmae_huge,BOAFAB,logistic,INCT20955,1078,5432,0.8469387755102041,0.9785637727759914,0.9684601113172542
birdmae_huge,BOAFAB,logistic,INCT4,780,4876,0.767948717948718,0.9388714733542319,0.9705128205128205
birdmae_huge,BOAFAB,logistic+R37=glmm,INCT20955,1078,5432,0.33302411873840443,0.9862637362637363,0.9693877551020408
birdmae_huge,BOAFAB,logistic+R37=glmm,INCT4,780,4876,0.3782051282051282,1.0,0.9730769230769231
birdmae_huge,BOAFAB,lda_shrunk,INCT20955,1078,5432,0.7801484230055659,0.9756380510440835,0.9489795918367347
birdmae_huge,BOAFAB,lda_shrunk,INCT4,780,4876,0.8294871794871795,0.9282639885222381,0.9743589743589743
protoclr,BOAFAB,logistic,INCT20955,891,4515,0.654320987654321,1.0,0.8933782267115601
protoclr,BOAFAB,logistic,INCT4,648,4052,0.7114197530864198,0.7447495961227787,0.8503086419753086
protoclr,BOAFAB,logistic+R37=glmm,INCT20955,891,4515,0.4118967452300786,1.0,0.9023569023569024
protoclr,BOAFAB,logistic+R37=glmm,INCT4,648,4052,0.45987654320987653,0.9197530864197531,0.8287037037037037
protoclr,BOAFAB,lda_shrunk,INCT20955,891,4515,0.7777777777777778,0.9788135593220338,0.920314253647587
protoclr,BOAFAB,lda_shrunk,INCT4,648,4052,0.8055555555555556,0.6266506602641057,0.8719135802469136
