encoder,species,head,level,ap,ap_site,n_pos,n
perch_v2,DENMIN,logistic,fenetre,0.8999824728761643,0.5232551561369476,2002,18817
perch_v2,DENMIN,logistic+R37=glmm,fenetre,0.9010392189359787,0.48703745250055114,2002,18817
perch_v2,DENMIN,lda_shrunk,fenetre,0.9031260279131219,0.5173173854910443,2002,18817
perch_v2,DENMIN,logistic,minute,0.9105938586194008,0.6656673935779389,266,1590
perch_v2,DENMIN,logistic+R37=glmm,minute,0.9111920682983873,0.609889559016865,266,1590
perch_v2,DENMIN,lda_shrunk,minute,0.9275919332652189,0.6591627912552533,266,1590
perch_bird,DENMIN,logistic,fenetre,0.9110488352696908,0.4871769562898427,2002,18817
perch_bird,DENMIN,logistic+R37=glmm,fenetre,0.9141897592227426,0.45848351429869355,2002,18817
perch_bird,DENMIN,lda_shrunk,fenetre,0.8879526492137518,0.40743704183713186,2002,18817
perch_bird,DENMIN,logistic,minute,0.9416334021445947,0.5951808507306481,266,1590
perch_bird,DENMIN,logistic+R37=glmm,minute,0.944560756571471,0.5591172913016274,266,1590
perch_bird,DENMIN,lda_shrunk,minute,0.9213858785852291,0.4831616250584893,266,1590
birdnet,DENMIN,logistic,fenetre,0.9049337456752959,0.4989123817457162,2717,31273
birdnet,DENMIN,logistic+R37=glmm,fenetre,0.9085579686600693,0.4942221416445843,2717,31273
birdnet,DENMIN,lda_shrunk,fenetre,0.8695278818267436,0.4868477577872847,2717,31273
birdnet,DENMIN,logistic,minute,0.9292725087165893,0.5994747051953915,266,1590
birdnet,DENMIN,logistic+R37=glmm,minute,0.9306220194756103,0.5953271239848518,266,1590
birdnet,DENMIN,lda_shrunk,minute,0.9121384752908636,0.5792053217636496,266,1590
birdmae_base,DENMIN,logistic,fenetre,0.6521149354947311,0.2766940833221297,2002,18817
birdmae_base,DENMIN,logistic+R37=glmm,fenetre,0.6871140927730107,0.2813366818455512,2002,18817
birdmae_base,DENMIN,lda_shrunk,fenetre,0.5876613066512751,0.31308510638961856,2002,18817
birdmae_base,DENMIN,logistic,minute,0.7237894948163041,0.3226548606795561,266,1590
birdmae_base,DENMIN,logistic+R37=glmm,minute,0.7654342393721292,0.3283830249903084,266,1590
birdmae_base,DENMIN,lda_shrunk,minute,0.7122606745072884,0.41231907695125264,266,1590
birdmae_huge,DENMIN,logistic,fenetre,0.5795046557776224,0.27887575464611003,2002,18817
birdmae_huge,DENMIN,logistic+R37=glmm,fenetre,0.6150056259227249,0.27997564789853163,2002,18817
birdmae_huge,DENMIN,lda_shrunk,fenetre,0.6399462511049614,0.3504217287173892,2002,18817
birdmae_huge,DENMIN,logistic,minute,0.6882224983645929,0.33266423648501225,266,1590
birdmae_huge,DENMIN,logistic+R37=glmm,minute,0.7259813317323307,0.33459706821224383,266,1590
birdmae_huge,DENMIN,lda_shrunk,minute,0.7471691737369648,0.435445556495373,266,1590
protoclr,DENMIN,logistic,fenetre,0.4773926292769297,0.29651785708840667,1772,15705
protoclr,DENMIN,logistic+R37=glmm,fenetre,0.5229324721242385,0.2996435312555361,1772,15705
protoclr,DENMIN,lda_shrunk,fenetre,0.36135785995945274,0.23297040899265994,1772,15705
protoclr,DENMIN,logistic,minute,0.5827464303651411,0.34387728915893057,266,1590
protoclr,DENMIN,logistic+R37=glmm,minute,0.6334060916277131,0.34864114389330014,266,1590
protoclr,DENMIN,lda_shrunk,minute,0.46290795212625147,0.29345759352324197,266,1590
perch_v2,PITAZU,logistic,fenetre,0.11062960376260345,0.43989180890420065,1475,18706
perch_v2,PITAZU,logistic+R37=glmm,fenetre,0.11206474798002433,0.4593100913744522,1475,18706
perch_v2,PITAZU,lda_shrunk,fenetre,0.2622008886615041,0.34571936318884733,1475,18706
perch_v2,PITAZU,logistic,minute,0.14967018642012586,0.5068791722615511,187,1574
perch_v2,PITAZU,logistic+R37=glmm,minute,0.15184602280256554,0.5225778254235304,187,1574
perch_v2,PITAZU,lda_shrunk,minute,0.4435951673056752,0.41057351483013355,187,1574
perch_bird,PITAZU,logistic,fenetre,0.11886428055386224,0.4869104641625214,1475,18706
perch_bird,PITAZU,logistic+R37=glmm,fenetre,0.13601318334511825,0.49483070985952804,1475,18706
perch_bird,PITAZU,lda_shrunk,fenetre,0.3140873865625906,0.37417664553833846,1475,18706
perch_bird,PITAZU,logistic,minute,0.1745334129038401,0.61113857025425,187,1574
perch_bird,PITAZU,logistic+R37=glmm,minute,0.19200036098070197,0.6319243949743153,187,1574
perch_bird,PITAZU,lda_shrunk,minute,0.539149494337364,0.45096020611078647,187,1574
birdnet,PITAZU,logistic,fenetre,0.1215472472652219,0.3968574595950686,2327,31199
birdnet,PITAZU,logistic+R37=glmm,fenetre,0.10917103405690402,0.421016165733335,2327,31199
birdnet,PITAZU,lda_shrunk,fenetre,0.3118927715083622,0.35255921076726837,2327,31199
birdnet,PITAZU,logistic,minute,0.179033856383611,0.5602871924306548,187,1574
birdnet,PITAZU,logistic+R37=glmm,minute,0.16323727855580158,0.5791453175540936,187,1574
birdnet,PITAZU,lda_shrunk,minute,0.6728753206847671,0.46340528377784607,187,1574
birdmae_base,PITAZU,logistic,fenetre,0.06279258214200807,0.2063844904224978,1475,18706
birdmae_base,PITAZU,logistic+R37=glmm,fenetre,0.06816569828350282,0.2245840264923689,1475,18706
birdmae_base,PITAZU,lda_shrunk,fenetre,0.05935465297696759,0.2904300987116836,1475,18706
birdmae_base,PITAZU,logistic,minute,0.09079935654625526,0.28538559912964445,187,1574
birdmae_base,PITAZU,logistic+R37=glmm,minute,0.09638899633248829,0.29759648932899374,187,1574
birdmae_base,PITAZU,lda_shrunk,minute,0.15968486161792153,0.3905371368198659,187,1574
birdmae_huge,PITAZU,logistic,fenetre,0.05981912892432112,0.23570840007866778,1475,18706
birdmae_huge,PITAZU,logistic+R37=glmm,fenetre,0.07301187952187585,0.24757883302789752,1475,18706
birdmae_huge,PITAZU,lda_shrunk,fenetre,0.05016516290342456,0.19454072307562253,1475,18706
birdmae_huge,PITAZU,logistic,minute,0.08485278901938494,0.3167129433622967,187,1574
birdmae_huge,PITAZU,logistic+R37=glmm,minute,0.10017260243128384,0.32180089506375953,187,1574
birdmae_huge,PITAZU,lda_shrunk,minute,0.11101792091323556,0.29718838383450286,187,1574
protoclr,PITAZU,logistic,fenetre,0.04966725710724419,0.1548290167496706,1247,15576
protoclr,PITAZU,logistic+R37=glmm,fenetre,0.04569486181455454,0.15452986060999696,1247,15576
protoclr,PITAZU,lda_shrunk,fenetre,0.04675081001187412,0.22195150151948442,1247,15576
protoclr,PITAZU,logistic,minute,0.07668035185225078,0.22965727880906614,187,1574
protoclr,PITAZU,logistic+R37=glmm,minute,0.06960681083085615,0.23140739979775515,187,1574
protoclr,PITAZU,lda_shrunk,minute,0.07903316292940157,0.3139349399831352,187,1574
perch_v2,PHYCUV,logistic,fenetre,0.8686671370645435,0.8759325648486213,984,18535
perch_v2,PHYCUV,logistic+R37=glmm,fenetre,0.8679272636698092,0.8752645763302742,984,18535
perch_v2,PHYCUV,lda_shrunk,fenetre,0.8754718895766397,0.8391754991523114,984,18535
perch_v2,PHYCUV,logistic,minute,0.9463680209607417,0.9601843754145462,184,1579
perch_v2,PHYCUV,logistic+R37=glmm,minute,0.945680433865936,0.9600363521534533,184,1579
perch_v2,PHYCUV,lda_shrunk,minute,0.956083369480054,0.9419568389696611,184,1579
perch_bird,PHYCUV,logistic,fenetre,0.7985025525608804,0.7988788677967378,984,18535
perch_bird,PHYCUV,logistic+R37=glmm,fenetre,0.7977955164368881,0.797843187983902,984,18535
perch_bird,PHYCUV,lda_shrunk,fenetre,0.7960325071435149,0.7605045338459493,984,18535
perch_bird,PHYCUV,logistic,minute,0.9128099941882212,0.9315894292788641,184,1579
perch_bird,PHYCUV,logistic+R37=glmm,minute,0.912465014838141,0.9309245942568082,184,1579
perch_bird,PHYCUV,lda_shrunk,minute,0.8991779430004676,0.8955633689785358,184,1579
birdnet,PHYCUV,logistic,fenetre,0.49157854283882946,0.6380308555084091,1674,31061
birdnet,PHYCUV,logistic+R37=glmm,fenetre,0.49844179437748837,0.6355239336587687,1674,31061
birdnet,PHYCUV,lda_shrunk,fenetre,0.5942075273897561,0.6592935673511864,1674,31061
birdnet,PHYCUV,logistic,minute,0.6609106800546602,0.8119648340609965,184,1579
birdnet,PHYCUV,logistic+R37=glmm,minute,0.6663405544130121,0.8105278086808708,184,1579
birdnet,PHYCUV,lda_shrunk,minute,0.7456483771315994,0.8142550792701932,184,1579
birdmae_base,PHYCUV,logistic,fenetre,0.2507203840449112,0.405083572713362,984,18535
birdmae_base,PHYCUV,logistic+R37=glmm,fenetre,0.24607115027600707,0.40180890001227754,984,18535
birdmae_base,PHYCUV,lda_shrunk,fenetre,0.4892130911959482,0.5171051191811853,984,18535
birdmae_base,PHYCUV,logistic,minute,0.3812453452998587,0.5361537880248646,184,1579
birdmae_base,PHYCUV,logistic+R37=glmm,minute,0.364230102465206,0.5330031473290983,184,1579
birdmae_base,PHYCUV,lda_shrunk,minute,0.611538829679947,0.6403689304665591,184,1579
birdmae_huge,PHYCUV,logistic,fenetre,0.34121088330612986,0.45142919036070345,984,18535
birdmae_huge,PHYCUV,logistic+R37=glmm,fenetre,0.339507791083387,0.45302343134913575,984,18535
birdmae_huge,PHYCUV,lda_shrunk,fenetre,0.5468414218475325,0.5642963831762247,984,18535
birdmae_huge,PHYCUV,logistic,minute,0.4813708517878637,0.5896483461976811,184,1579
birdmae_huge,PHYCUV,logistic+R37=glmm,minute,0.4794662918810676,0.5905389814959383,184,1579
birdmae_huge,PHYCUV,lda_shrunk,minute,0.6896405060852118,0.7129123918301041,184,1579
protoclr,PHYCUV,logistic,fenetre,0.06406322756989338,0.19082621366295424,831,15415
protoclr,PHYCUV,logistic+R37=glmm,fenetre,0.07783342614254773,0.1999609986302541,831,15415
protoclr,PHYCUV,lda_shrunk,fenetre,0.20468229828358134,0.2604341865916518,831,15415
protoclr,PHYCUV,logistic,minute,0.149211092753832,0.2925646113472656,184,1579
protoclr,PHYCUV,logistic+R37=glmm,minute,0.16644104729949882,0.302322601970666,184,1579
protoclr,PHYCUV,lda_shrunk,minute,0.2890852339385642,0.3860475300066761,184,1579
perch_v2,LEPLAT,logistic,fenetre,0.20946690825238426,0.7297056862459208,1555,18804
perch_v2,LEPLAT,logistic+R37=glmm,fenetre,0.2056296238227209,0.7304094561015206,1555,18804
perch_v2,LEPLAT,lda_shrunk,fenetre,0.06922518917866372,0.601436122188898,1555,18804
perch_v2,LEPLAT,logistic,minute,0.2528931903916259,0.8241393650493306,188,1587
perch_v2,LEPLAT,logistic+R37=glmm,minute,0.2483388250451401,0.8240811532643945,188,1587
perch_v2,LEPLAT,lda_shrunk,minute,0.17507477074439576,0.7347876655533052,188,1587
perch_bird,LEPLAT,logistic,fenetre,0.18955906710027753,0.725335412903195,1555,18804
perch_bird,LEPLAT,logistic+R37=glmm,fenetre,0.18288539486154196,0.7256374605486641,1555,18804
perch_bird,LEPLAT,lda_shrunk,fenetre,0.06098891681388591,0.4462764429289845,1555,18804
perch_bird,LEPLAT,logistic,minute,0.21841189777859155,0.7856562085467457,188,1587
perch_bird,LEPLAT,logistic+R37=glmm,minute,0.21165564227826517,0.785634619271663,188,1587
perch_bird,LEPLAT,lda_shrunk,minute,0.12898746272888711,0.5770616035768728,188,1587
birdnet,LEPLAT,logistic,fenetre,0.08036353923568132,0.28096053638204316,2243,31229
birdnet,LEPLAT,logistic+R37=glmm,fenetre,0.08939445469362413,0.28455829358484586,2243,31229
birdnet,LEPLAT,lda_shrunk,fenetre,0.0825217551770781,0.23392357325844504,2243,31229
birdnet,LEPLAT,logistic,minute,0.11419474589765197,0.4785573476660191,188,1587
birdnet,LEPLAT,logistic+R37=glmm,minute,0.12372369487954532,0.48180183837579943,188,1587
birdnet,LEPLAT,lda_shrunk,minute,0.2831987234398274,0.3232539743400561,188,1587
birdmae_base,LEPLAT,logistic,fenetre,0.0806258134028095,0.3434467282583786,1555,18804
birdmae_base,LEPLAT,logistic+R37=glmm,fenetre,0.0915469906640042,0.3488075509419025,1555,18804
birdmae_base,LEPLAT,lda_shrunk,fenetre,0.21606240320033412,0.4743273954393926,1555,18804
birdmae_base,LEPLAT,logistic,minute,0.10437614658967112,0.44497382114085016,188,1587
birdmae_base,LEPLAT,logistic+R37=glmm,minute,0.11860575676580032,0.43909994499882377,188,1587
birdmae_base,LEPLAT,lda_shrunk,minute,0.34008666029504686,0.6061718062284308,188,1587
birdmae_huge,LEPLAT,logistic,fenetre,0.07445715136826282,0.2625113974040794,1555,18804
birdmae_huge,LEPLAT,logistic+R37=glmm,fenetre,0.09404538577738299,0.26801004240417303,1555,18804
birdmae_huge,LEPLAT,lda_shrunk,fenetre,0.22189114319329423,0.34435331299636074,1555,18804
birdmae_huge,LEPLAT,logistic,minute,0.09730541267632262,0.33180456843545014,188,1587
birdmae_huge,LEPLAT,logistic+R37=glmm,minute,0.11930739613319753,0.335834715675582,188,1587
birdmae_huge,LEPLAT,lda_shrunk,minute,0.3915447112259477,0.4119082386611973,188,1587
protoclr,LEPLAT,logistic,fenetre,0.1066667296439472,0.2087159580270135,1345,15672
protoclr,LEPLAT,logistic+R37=glmm,fenetre,0.09722135052806237,0.24031294201214473,1345,15672
protoclr,LEPLAT,lda_shrunk,fenetre,0.04941988058025864,0.18128165321768805,1345,15672
protoclr,LEPLAT,logistic,minute,0.1329074894371969,0.27190820426813833,188,1587
protoclr,LEPLAT,logistic+R37=glmm,minute,0.12375780242087966,0.29985878965516033,188,1587
protoclr,LEPLAT,lda_shrunk,minute,0.06891483891295881,0.257536084930488,188,1587
perch_v2,BOAFAB,logistic,fenetre,0.9525764182082213,0.9682718859120178,1858,18876
perch_v2,BOAFAB,logistic+R37=glmm,fenetre,0.8893382126301248,0.9676933932161411,1858,18876
perch_v2,BOAFAB,lda_shrunk,fenetre,0.9529850904231673,0.9632167667444211,1858,18876
perch_v2,BOAFAB,logistic,minute,0.9635500264498258,0.9846300482585348,193,1593
perch_v2,BOAFAB,logistic+R37=glmm,minute,0.8989178005381426,0.9847351514965654,193,1593
perch_v2,BOAFAB,lda_shrunk,minute,0.9693747799056136,0.9741478824530687,193,1593
perch_bird,BOAFAB,logistic,fenetre,0.9442866349601186,0.9788436101188132,1858,18876
perch_bird,BOAFAB,logistic+R37=glmm,fenetre,0.8796325469060582,0.9786911756878847,1858,18876
perch_bird,BOAFAB,lda_shrunk,fenetre,0.9434898422655081,0.9685590980384543,1858,18876
perch_bird,BOAFAB,logistic,minute,0.9496044636313504,0.9851840794600107,193,1593
perch_bird,BOAFAB,logistic+R37=glmm,minute,0.8935819543633586,0.9850771309608974,193,1593
perch_bird,BOAFAB,lda_shrunk,minute,0.9566588827291145,0.9729520803379531,193,1593
birdnet,BOAFAB,logistic,fenetre,0.9246474188056437,0.9627776140425366,3104,31531
birdnet,BOAFAB,logistic+R37=glmm,fenetre,0.857813266087499,0.9624807815545118,3104,31531
birdnet,BOAFAB,lda_shrunk,fenetre,0.9016407771557946,0.9459656457187252,3104,31531
birdnet,BOAFAB,logistic,minute,0.9299203178964396,0.972910729099431,193,1593
birdnet,BOAFAB,logistic+R37=glmm,minute,0.8684301243948724,0.9731901629623508,193,1593
birdnet,BOAFAB,lda_shrunk,minute,0.9409548205010035,0.9632407631603582,193,1593
birdmae_base,BOAFAB,logistic,fenetre,0.8321854235162706,0.9409386088189842,1858,18876
birdmae_base,BOAFAB,logistic+R37=glmm,fenetre,0.42972642636446,0.9406482986354613,1858,18876
birdmae_base,BOAFAB,lda_shrunk,fenetre,0.9194645964771553,0.9568075334451369,1858,18876
birdmae_base,BOAFAB,logistic,minute,0.811474609781264,0.934089180785894,193,1593
birdmae_base,BOAFAB,logistic+R37=glmm,minute,0.40125798279286445,0.9329771366236237,193,1593
birdmae_base,BOAFAB,lda_shrunk,minute,0.9197534807774589,0.9539929421834326,193,1593
birdmae_huge,BOAFAB,logistic,fenetre,0.8412000597839511,0.9442472269494098,1858,18876
birdmae_huge,BOAFAB,logistic+R37=glmm,fenetre,0.5661087793589386,0.9439127370485058,1858,18876
birdmae_huge,BOAFAB,lda_shrunk,fenetre,0.8201109965665158,0.9344930694257982,1858,18876
birdmae_huge,BOAFAB,logistic,minute,0.8363780395436908,0.939095328333079,193,1593
birdmae_huge,BOAFAB,logistic+R37=glmm,minute,0.56768571104123,0.9374475348848015,193,1593
birdmae_huge,BOAFAB,lda_shrunk,minute,0.8518199293577996,0.9413950603788386,193,1593
protoclr,BOAFAB,logistic,fenetre,0.6906599972024292,0.8544691409211247,1539,15707
protoclr,BOAFAB,logistic+R37=glmm,fenetre,0.523363012661415,0.8497522061191249,1539,15707
protoclr,BOAFAB,lda_shrunk,fenetre,0.785650487705455,0.8705820252096694,1539,15707
protoclr,BOAFAB,logistic,minute,0.6310010451649527,0.8492207838022009,193,1593
protoclr,BOAFAB,logistic+R37=glmm,minute,0.4751248013241435,0.8455370226648267,193,1593
protoclr,BOAFAB,lda_shrunk,minute,0.7825730818989258,0.8776230236778007,193,1593
