species,head,site,n_pos,n_neg,ap_site,recall_seuil_ailleurs,precision_seuil_ailleurs,alertes,recall_seuil_sur_place
DENMIN,logistic,INCT17,1756,2196,0.9771317261190167,0.9191343963553531,0.9471830985915493,1704,0.9994305239179955
DENMIN,logistic,INCT20955,240,4800,0.3350894869929354,1.0,0.047619047619047616,5040,0.225
DENMIN,logistic,INCT4,6,120,1.0,1.0,0.2857142857142857,21,1.0
DENMIN,prototype,INCT17,1756,2196,0.8081207930554548,0.034738041002277904,0.8970588235294118,68,0.9977220956719818
DENMIN,prototype,INCT20955,240,4800,0.24845919854453435,0.9666666666666667,0.05935021744691737,3909,0.10833333333333334
DENMIN,prototype,INCT4,6,120,0.9150793650793649,1.0,0.13636363636363635,44,1.0
DENMIN,knn:k=5,INCT17,1756,2196,0.873931224727856,0.050683371298405465,1.0,89,0.9965831435079726
DENMIN,knn:k=5,INCT20955,240,4800,0.1188632684112815,0.825,0.048034934497816595,4122,0.0375
DENMIN,knn:k=5,INCT4,6,120,0.8571428571428571,0.8333333333333334,0.4166666666666667,12,0.8333333333333334
DENMIN,logistic+R19,INCT17,1756,2196,0.9763011806445018,0.3234624145785877,0.9912739965095986,573,0.9994305239179955
DENMIN,logistic+R19,INCT20955,240,4800,0.37383386613578795,1.0,0.047619047619047616,5040,0.24583333333333332
DENMIN,logistic+R19,INCT4,6,120,1.0,1.0,0.6,10,1.0
DENMIN,logistic+R20,INCT17,1756,2196,0.9647556687089234,0.033599088838268794,0.9833333333333333,60,0.9994305239179955
DENMIN,logistic+R20,INCT20955,240,4800,0.40472752675747725,1.0,0.047619047619047616,5040,0.2791666666666667
DENMIN,logistic+R20,INCT4,6,120,1.0,1.0,0.75,8,1.0
DENMIN,logistic+R21,INCT17,1756,2196,0.9748426674311594,0.9236902050113895,0.9413813116656994,1723,0.9994305239179955
DENMIN,logistic+R21,INCT20955,240,4800,0.35947853824339326,1.0,0.047619047619047616,5040,0.2375
DENMIN,logistic+R21,INCT4,6,120,1.0,1.0,0.2857142857142857,21,1.0
DENMIN,dann,INCT17,1756,2196,0.9820003295251919,0.9464692482915718,0.9238465814341301,1799,0.9994305239179955
DENMIN,dann,INCT20955,240,4800,0.19699415220013228,0.9208333333333333,0.05559748427672956,3975,0.1125
DENMIN,dann,INCT4,6,120,0.915079365079365,1.0,0.06818181818181818,88,1.0
DENMIN,logistic+R37,INCT17,1756,2196,0.9754394231880271,0.9117312072892938,0.9451003541912633,1694,0.9994305239179955
DENMIN,logistic+R37,INCT20955,240,4800,0.33573805888678016,1.0,0.047619047619047616,5040,0.225
DENMIN,logistic+R37,INCT4,6,120,0.9484126984126984,1.0,0.18181818181818182,33,1.0
DENMIN,logistic+R37=glmm,INCT17,1756,2196,0.9767023769099449,0.929384965831435,0.9433526011560693,1730,0.9994305239179955
DENMIN,logistic+R37=glmm,INCT20955,240,4800,0.33477960161265474,1.0,0.047619047619047616,5040,0.225
DENMIN,logistic+R37=glmm,INCT4,6,120,0.9484126984126984,1.0,0.35294117647058826,17,1.0
DENMIN,logistic+R19+R37,INCT17,1756,2196,0.9753580627732967,0.04612756264236902,0.9878048780487805,82,0.9994305239179955
DENMIN,logistic+R19+R37,INCT20955,240,4800,0.3343299540560798,1.0,0.047619047619047616,5040,0.225
DENMIN,logistic+R19+R37,INCT4,6,120,0.9484126984126984,1.0,0.047619047619047616,126,1.0
DENMIN,logistic+R13,INCT17,1756,2196,0.9862201015661757,0.9453302961275627,0.9551208285385501,1738,0.9994305239179955
DENMIN,logistic+R13,INCT20955,240,4800,0.28634771477330107,1.0,0.048,5000,0.17083333333333334
DENMIN,logistic+R13,INCT4,6,120,0.9484126984126984,1.0,0.2857142857142857,21,1.0
DENMIN,loss:focal,INCT17,1756,2196,0.9782166488237108,0.9157175398633257,0.9537366548042705,1686,0.9994305239179955
DENMIN,loss:focal,INCT20955,240,4800,0.3138439507322398,1.0,0.047619047619047616,5040,0.20833333333333334
DENMIN,loss:focal,INCT4,6,120,1.0,1.0,0.2857142857142857,21,1.0
DENMIN,logistic+R18=64,INCT17,1756,2196,0.9027244177982094,0.6372437357630979,0.9097560975609756,1230,0.9994305239179955
DENMIN,logistic+R18=64,INCT20955,240,4800,0.29273512282113356,1.0,0.047619047619047616,5040,0.1375
DENMIN,logistic+R18=64,INCT4,6,120,0.8263888888888888,1.0,0.6,10,1.0
DENMIN,lda_shrunk,INCT17,1756,2196,0.9643438500432276,0.837129840546697,0.9526895657809462,1543,0.9982915717539863
DENMIN,lda_shrunk,INCT20955,240,4800,0.1408399334520741,1.0,0.05060088551549652,4743,0.016666666666666666
DENMIN,lda_shrunk,INCT4,6,120,1.0,1.0,0.2222222222222222,27,1.0
PITAZU,logistic,INCT17,1445,2332,0.8014112031728512,0.0,,0,0.8629757785467128
PITAZU,logistic,INCT41,30,600,0.29520412283240605,0.6,0.07346938775510205,245,0.26666666666666666
PITAZU,prototype,INCT17,1445,2332,0.64030655002478,0.0,,0,0.7958477508650519
PITAZU,prototype,INCT41,30,600,0.25783811782314436,0.16666666666666666,0.3333333333333333,15,0.16666666666666666
PITAZU,knn:k=5,INCT17,1445,2332,0.6245773574793454,0.0,,0,0.6408304498269897
PITAZU,knn:k=5,INCT41,30,600,0.14972977888539937,0.6666666666666666,0.0947867298578199,211,0.06666666666666667
PITAZU,logistic+R19,INCT17,1445,2332,0.8259934114935867,0.042906574394463666,0.9841269841269841,63,0.8885813148788927
PITAZU,logistic+R19,INCT41,30,600,0.3142884701515208,1.0,0.047619047619047616,630,0.3333333333333333
PITAZU,logistic+R20,INCT17,1445,2332,0.8216585776800516,0.0,,0,0.8899653979238754
PITAZU,logistic+R20,INCT41,30,600,0.37741408406411975,1.0,0.047619047619047616,630,0.3333333333333333
PITAZU,logistic+R21,INCT17,1445,2332,0.7826684294265106,0.0,,0,0.845674740484429
PITAZU,logistic+R21,INCT41,30,600,0.23655060582507773,0.6666666666666666,0.05865102639296188,341,0.23333333333333334
PITAZU,dann,INCT17,1445,2332,0.7539107673764798,0.0,,0,0.8657439446366783
PITAZU,dann,INCT41,30,600,0.08705874144967818,0.2,0.09836065573770492,61,0.0
PITAZU,logistic+R37,INCT17,1445,2332,0.8215081444904547,0.0,,0,0.8823529411764706
PITAZU,logistic+R37,INCT41,30,600,0.3210400142162254,0.5333333333333333,0.11851851851851852,135,0.3333333333333333
PITAZU,logistic+R37=glmm,INCT17,1445,2332,0.8215081444904547,0.0,,0,0.8823529411764706
PITAZU,logistic+R37=glmm,INCT41,30,600,0.3210400142162254,0.5333333333333333,0.11851851851851852,135,0.3333333333333333
PITAZU,logistic+R19+R37,INCT17,1445,2332,0.8261719019488353,0.04152249134948097,1.0,60,0.8885813148788927
PITAZU,logistic+R19+R37,INCT41,30,600,0.322738349252954,1.0,0.04777070063694268,628,0.3333333333333333
PITAZU,logistic+R13,INCT17,1445,2332,0.7604061698622764,0.0,,0,0.8124567474048443
PITAZU,logistic+R13,INCT41,30,600,0.1188424889508673,0.5333333333333333,0.05405405405405406,296,0.0
PITAZU,loss:focal,INCT17,1445,2332,0.8020257103206674,0.0,,0,0.8615916955017301
PITAZU,loss:focal,INCT41,30,600,0.24188716796340792,0.6666666666666666,0.05934718100890208,337,0.26666666666666666
PITAZU,logistic+R18=64,INCT17,1445,2332,0.7499590775007686,0.0,,0,0.802076124567474
PITAZU,logistic+R18=64,INCT41,30,600,0.3804576091981103,0.8,0.13114754098360656,183,0.3
PITAZU,lda_shrunk,INCT17,1445,2332,0.8221198542334324,0.0,,0,0.9107266435986159
PITAZU,lda_shrunk,INCT41,30,600,0.06393127001051366,1.0,0.047619047619047616,630,0.0
PHYCUV,logistic,INCT17,99,1980,0.826984006111425,0.7878787878787878,0.6554621848739496,119,0.8383838383838383
PHYCUV,logistic,INCT20955,383,4868,0.682465487368252,0.793733681462141,0.3033932135728543,1002,0.6971279373368147
PHYCUV,logistic,INCT41,502,3663,0.9376269878814067,0.9302788844621513,0.6310810810810811,740,0.952191235059761
PHYCUV,prototype,INCT17,99,1980,0.46334889971531,0.898989898989899,0.11664482306684142,763,0.494949494949495
PHYCUV,prototype,INCT20955,383,4868,0.44178271743601993,0.10966057441253264,0.9767441860465116,43,0.3681462140992167
PHYCUV,prototype,INCT41,502,3663,0.4955855636496961,0.14741035856573706,0.8222222222222222,90,0.4820717131474104
PHYCUV,knn:k=5,INCT17,99,1980,0.5252116531066052,0.494949494949495,0.4803921568627451,102,0.47474747474747475
PHYCUV,knn:k=5,INCT20955,383,4868,0.3466006852419949,0.2010443864229765,0.5422535211267606,142,0.21671018276762402
PHYCUV,knn:k=5,INCT41,502,3663,0.37396093521271245,0.07569721115537849,0.5135135135135135,74,0.08565737051792828
PHYCUV,logistic+R19,INCT17,99,1980,0.8262835868051371,0.898989898989899,0.21707317073170732,410,0.8484848484848485
PHYCUV,logistic+R19,INCT20955,383,4868,0.6851693176006064,0.7441253263707572,0.4272863568215892,667,0.7154046997389034
PHYCUV,logistic+R19,INCT41,502,3663,0.9365980473360515,0.9063745019920318,0.7495881383855024,607,0.950199203187251
PHYCUV,logistic+R20,INCT17,99,1980,0.8524843523524582,0.898989898989899,0.3111888111888112,286,0.8787878787878788
PHYCUV,logistic+R20,INCT20955,383,4868,0.6426213939696406,0.6919060052219321,0.42467948717948717,624,0.6631853785900783
PHYCUV,logistic+R20,INCT41,502,3663,0.9331165294255082,0.9243027888446215,0.6572237960339944,706,0.9442231075697212
PHYCUV,logistic+R21,INCT17,99,1980,0.8268521668034511,0.7777777777777778,0.7549019607843137,102,0.8181818181818182
PHYCUV,logistic+R21,INCT20955,383,4868,0.6832030868832241,0.7101827676240209,0.4814159292035398,565,0.7049608355091384
PHYCUV,logistic+R21,INCT41,502,3663,0.9438456183450918,0.9581673306772909,0.4834170854271357,995,0.9581673306772909
PHYCUV,dann,INCT17,99,1980,0.73201432101705,0.6363636363636364,0.8076923076923077,78,0.7474747474747475
PHYCUV,dann,INCT20955,383,4868,0.5716130761330098,0.8825065274151436,0.12687687687687688,2664,0.5483028720626631
PHYCUV,dann,INCT41,502,3663,0.8590213640484172,0.44223107569721115,0.9694323144104804,229,0.9103585657370518
PHYCUV,logistic+R37,INCT17,99,1980,0.8296806247045274,0.7878787878787878,0.7222222222222222,108,0.8484848484848485
PHYCUV,logistic+R37,INCT20955,383,4868,0.6713924558998908,0.7519582245430809,0.34244946492271106,841,0.6971279373368147
PHYCUV,logistic+R37,INCT41,502,3663,0.9365638857988253,0.9382470119521913,0.5946969696969697,792,0.950199203187251
PHYCUV,logistic+R37=glmm,INCT17,99,1980,0.8287224723528361,0.7878787878787878,0.6554621848739496,119,0.8484848484848485
PHYCUV,logistic+R37=glmm,INCT20955,383,4868,0.677462803581872,0.7754569190600522,0.3024439918533605,982,0.6945169712793734
PHYCUV,logistic+R37=glmm,INCT41,502,3663,0.93712259874114,0.9262948207171314,0.6183510638297872,752,0.952191235059761
PHYCUV,logistic+R19+R37,INCT17,99,1980,0.8282617546726678,0.898989898989899,0.23421052631578948,380,0.8282828282828283
PHYCUV,logistic+R19+R37,INCT20955,383,4868,0.6764144577663759,0.720626631853786,0.45923460898502494,601,0.6945169712793734
PHYCUV,logistic+R19+R37,INCT41,502,3663,0.9357227387793164,0.9043824701195219,0.7721088435374149,588,0.950199203187251
PHYCUV,logistic+R13,INCT17,99,1980,0.8261584875107424,0.7676767676767676,0.7835051546391752,97,0.8484848484848485
PHYCUV,logistic+R13,INCT20955,383,4868,0.6678663451422576,0.8328981723237598,0.19228450874020495,1659,0.6892950391644909
PHYCUV,logistic+R13,INCT41,502,3663,0.9291965691715026,0.8944223107569721,0.7623089983022071,589,0.9482071713147411
PHYCUV,loss:focal,INCT17,99,1980,0.8088889649061562,0.7777777777777778,0.6695652173913044,115,0.8080808080808081
PHYCUV,loss:focal,INCT20955,383,4868,0.689985297746077,0.793733681462141,0.3216931216931217,945,0.7101827676240209
PHYCUV,loss:focal,INCT41,502,3663,0.9330414958661444,0.9262948207171314,0.6352459016393442,732,0.9462151394422311
PHYCUV,logistic+R18=64,INCT17,99,1980,0.8495019454738814,0.797979797979798,0.7523809523809524,105,0.8888888888888888
PHYCUV,logistic+R18=64,INCT20955,383,4868,0.5705744723909544,0.566579634464752,0.543859649122807,399,0.587467362924282
PHYCUV,logistic+R18=64,INCT41,502,3663,0.9158238781991449,0.952191235059761,0.42338352524357836,1129,0.9422310756972112
PHYCUV,lda_shrunk,INCT17,99,1980,0.6795597363106031,0.6565656565656566,0.5963302752293578,109,0.6666666666666666
PHYCUV,lda_shrunk,INCT20955,383,4868,0.7423057645145119,0.6945169712793734,0.642512077294686,414,0.7650130548302873
PHYCUV,lda_shrunk,INCT41,502,3663,0.9529949184399461,0.9780876494023905,0.3631656804733728,1352,0.9681274900398407
LEPLAT,logistic,INCT20955,1473,3764,0.7599330381506054,0.7073998642226749,0.5763274336283186,1808,0.7535641547861507
LEPLAT,logistic,INCT4,82,1640,0.8092442046612391,0.7926829268292683,0.6565656565656566,99,0.8170731707317073
LEPLAT,prototype,INCT20955,1473,3764,0.801811217510049,0.988458927359131,0.3427495291902072,4248,0.8323150033944331
LEPLAT,prototype,INCT4,82,1640,0.7882963207669291,0.45121951219512196,1.0,37,0.8048780487804879
LEPLAT,knn:k=5,INCT20955,1473,3764,0.6891683997551852,0.14867617107942974,0.9733333333333334,225,0.7114731839782756
LEPLAT,knn:k=5,INCT4,82,1640,0.35259460067203763,0.7195121951219512,0.12938596491228072,456,0.32926829268292684
LEPLAT,logistic+R19,INCT20955,1473,3764,0.7662362010632535,0.0,,0,0.7684996605566871
LEPLAT,logistic+R19,INCT4,82,1640,0.8090916003021519,1.0,0.04764671702498547,1721,0.8048780487804879
LEPLAT,logistic+R20,INCT20955,1473,3764,0.773307406692733,0.0,,0,0.7963340122199593
LEPLAT,logistic+R20,INCT4,82,1640,0.8146114208939949,1.0,0.04764671702498547,1721,0.8292682926829268
LEPLAT,logistic+R21,INCT20955,1473,3764,0.7351401261395337,0.49151391717583165,0.8537735849056604,848,0.745417515274949
LEPLAT,logistic+R21,INCT4,82,1640,0.8191385721551768,0.8536585365853658,0.3804347826086957,184,0.8170731707317073
LEPLAT,dann,INCT20955,1473,3764,0.6276444576501288,0.778682959945689,0.39227086183310533,2924,0.5580448065173116
LEPLAT,dann,INCT4,82,1640,0.7119965681236928,0.6097560975609756,0.8771929824561403,57,0.6829268292682927
LEPLAT,logistic+R37,INCT20955,1473,3764,0.7646476479785979,0.7528852681602173,0.5129509713228492,2162,0.7630685675492193
LEPLAT,logistic+R37,INCT4,82,1640,0.8126851502988295,0.7926829268292683,0.7222222222222222,90,0.8170731707317073
LEPLAT,logistic+R37=glmm,INCT20955,1473,3764,0.7606867276500654,0.7040054310930075,0.5783602900167317,1793,0.7556008146639511
LEPLAT,logistic+R37=glmm,INCT4,82,1640,0.8098977182001422,0.7926829268292683,0.6565656565656566,99,0.8170731707317073
LEPLAT,logistic+R19+R37,INCT20955,1473,3764,0.7648736469719222,0.008146639511201629,1.0,12,0.7610319076714189
LEPLAT,logistic+R19+R37,INCT4,82,1640,0.8124568727498931,1.0,0.0622154779969651,1318,0.8170731707317073
LEPLAT,logistic+R13,INCT20955,1473,3764,0.7192637306353611,0.6714188730482009,0.5790398126463701,1708,0.7359131025118805
LEPLAT,logistic+R13,INCT4,82,1640,0.7779289813287324,0.7439024390243902,0.6931818181818182,88,0.7682926829268293
LEPLAT,loss:focal,INCT20955,1473,3764,0.7535852337075447,0.7202987101154107,0.5388522092432707,1969,0.7474541751527495
LEPLAT,loss:focal,INCT4,82,1640,0.8068663670313525,0.8048780487804879,0.616822429906542,107,0.8048780487804879
LEPLAT,logistic+R18=64,INCT20955,1473,3764,0.7464407504029208,0.26883910386965376,0.9705882352941176,408,0.7949762389680923
LEPLAT,logistic+R18=64,INCT4,82,1640,0.793218146020346,0.8658536585365854,0.16063348416289594,442,0.8048780487804879
LEPLAT,lda_shrunk,INCT20955,1473,3764,0.6078363375987986,0.05227427019687712,0.9746835443037974,79,0.5594025797691785
LEPLAT,lda_shrunk,INCT4,82,1640,0.5822281650401183,1.0,0.047619047619047616,1722,0.6829268292682927
BOAFAB,logistic,INCT20955,1078,4354,0.9794481099618706,0.9962894248608535,0.28940986257073564,3711,0.9860853432282004
BOAFAB,logistic,INCT4,780,4096,0.9778596565317548,0.9807692307692307,0.7927461139896373,965,0.9935897435897436
BOAFAB,prototype,INCT20955,1078,4354,0.977301900412431,1.0,0.20537245189559916,5249,0.9823747680890538
BOAFAB,prototype,INCT4,780,4096,0.9654988679640334,0.8256410256410256,0.9442815249266863,682,0.9948717948717949
BOAFAB,knn:k=5,INCT20955,1078,4354,0.9610155959444092,0.9972170686456401,0.26868282929267684,4001,0.9703153988868275
BOAFAB,knn:k=5,INCT4,780,4096,0.9330286020653773,0.9051282051282051,0.7109768378650554,993,0.9666666666666667
BOAFAB,logistic+R19,INCT20955,1078,4354,0.9796616155786877,0.9684601113172542,0.815625,1280,0.9851576994434137
BOAFAB,logistic+R19,INCT4,780,4096,0.9774345381138755,0.9974358974358974,0.3625349487418453,2146,0.9923076923076923
BOAFAB,logistic+R20,INCT20955,1078,4354,0.9814497959330175,0.9758812615955473,0.7701317715959004,1366,0.9888682745825603
BOAFAB,logistic+R20,INCT4,780,4096,0.9777053076499486,0.9974358974358974,0.3298007630351844,2359,0.9948717948717949
BOAFAB,logistic+R21,INCT20955,1078,4354,0.9790656049331183,0.9953617810760668,0.3384858044164038,3170,0.987012987012987
BOAFAB,logistic+R21,INCT4,780,4096,0.9781105784216835,0.9871794871794872,0.7257304429783223,1061,0.9935897435897436
BOAFAB,dann,INCT20955,1078,4354,0.9738059346673887,0.9619666048237476,0.6913333333333334,1500,0.9768089053803339
BOAFAB,dann,INCT4,780,4096,0.9645062645676553,0.9897435897435898,0.27900252981568485,2767,0.9794871794871794
BOAFAB,logistic+R37,INCT20955,1078,4354,0.9793516853199211,0.9916512059369202,0.3798862828713575,2814,0.9851576994434137
BOAFAB,logistic+R37,INCT4,780,4096,0.9778826896187682,0.9884615384615385,0.6958483754512635,1108,0.9935897435897436
BOAFAB,logistic+R37=glmm,INCT20955,1078,4354,0.9794403429411389,0.9962894248608535,0.29668508287292816,3620,0.9851576994434137
BOAFAB,logistic+R37=glmm,INCT4,780,4096,0.9778663160780755,0.9807692307692307,0.787847579814624,971,0.9935897435897436
BOAFAB,logistic+R19+R37,INCT20955,1078,4354,0.9793591411867286,0.9693877551020408,0.7312806158152554,1429,0.9851576994434137
BOAFAB,logistic+R19+R37,INCT4,780,4096,0.9778220329280439,0.9961538461538462,0.37920937042459735,2049,0.9935897435897436
BOAFAB,logistic+R13,INCT20955,1078,4354,0.9777237243768301,0.9925788497217068,0.34283883370714513,3121,0.9795918367346939
BOAFAB,logistic+R13,INCT4,780,4096,0.9772893540036814,0.9807692307692307,0.8061116965226555,949,0.9935897435897436
BOAFAB,loss:focal,INCT20955,1078,4354,0.9792503566488454,0.9962894248608535,0.2994980479643056,3586,0.9851576994434137
BOAFAB,loss:focal,INCT4,780,4096,0.9773987138442044,0.9846153846153847,0.7551622418879056,1017,0.9935897435897436
BOAFAB,logistic+R18=64,INCT20955,1078,4354,0.9801924278250106,0.9823747680890538,0.6792815907633099,1559,0.9888682745825603
BOAFAB,logistic+R18=64,INCT4,780,4096,0.9764979656707483,0.9987179487179487,0.5214190093708166,1494,0.9987179487179487
BOAFAB,lda_shrunk,INCT20955,1078,4354,0.9714276590760915,0.9647495361781077,0.718728403593642,1447,0.9768089053803339
BOAFAB,lda_shrunk,INCT4,780,4096,0.9624097288598947,0.9987179487179487,0.3843117908238777,2027,0.9974358974358974
