species,head,held_out_site,n_pos,ap
DENMIN,logistic,INCT17,1756,0.9771317261190168
DENMIN,logistic,INCT20955,240,0.3350894869929354
DENMIN,logistic,INCT4,6,1.0
DENMIN,logistic,INCT41,0,
DENMIN,prototype,INCT17,1756,0.8081207930554548
DENMIN,prototype,INCT20955,240,0.2484591985445343
DENMIN,prototype,INCT4,6,0.9150793650793648
DENMIN,prototype,INCT41,0,
DENMIN,knn:k=5,INCT17,1756,0.873931224727856
DENMIN,knn:k=5,INCT20955,240,0.1188632684112815
DENMIN,knn:k=5,INCT4,6,0.8571428571428571
DENMIN,knn:k=5,INCT41,0,
DENMIN,logistic+R19,INCT17,1756,0.9763011806445018
DENMIN,logistic+R19,INCT20955,240,0.3738338661357879
DENMIN,logistic+R19,INCT4,6,1.0
DENMIN,logistic+R19,INCT41,0,
DENMIN,logistic+R20,INCT17,1756,0.9647556687089234
DENMIN,logistic+R20,INCT20955,240,0.4047275267574772
DENMIN,logistic+R20,INCT4,6,1.0
DENMIN,logistic+R20,INCT41,0,
DENMIN,logistic+R21,INCT17,1756,0.9748426674311594
DENMIN,logistic+R21,INCT20955,240,0.3594785382433932
DENMIN,logistic+R21,INCT4,6,1.0
DENMIN,logistic+R21,INCT41,0,
DENMIN,dann,INCT17,1756,0.982000329525192
DENMIN,dann,INCT20955,240,0.1969941522001322
DENMIN,dann,INCT4,6,0.915079365079365
DENMIN,dann,INCT41,0,
DENMIN,logistic+R37,INCT17,1756,0.9754394231880272
DENMIN,logistic+R37,INCT20955,240,0.3357380588867801
DENMIN,logistic+R37,INCT4,6,0.9484126984126984
DENMIN,logistic+R37,INCT41,0,
DENMIN,logistic+R37=glmm,INCT17,1756,0.9767023769099448
DENMIN,logistic+R37=glmm,INCT20955,240,0.3347796016126547
DENMIN,logistic+R37=glmm,INCT4,6,0.9484126984126984
DENMIN,logistic+R37=glmm,INCT41,0,
DENMIN,logistic+R19+R37,INCT17,1756,0.9753580627732968
DENMIN,logistic+R19+R37,INCT20955,240,0.3343299540560798
DENMIN,logistic+R19+R37,INCT4,6,0.9484126984126984
DENMIN,logistic+R19+R37,INCT41,0,
DENMIN,logistic+R13,INCT17,1756,0.9862201015661756
DENMIN,logistic+R13,INCT20955,240,0.286347714773301
DENMIN,logistic+R13,INCT4,6,0.9484126984126984
DENMIN,logistic+R13,INCT41,0,
DENMIN,loss:focal,INCT17,1756,0.9782166488237108
DENMIN,loss:focal,INCT20955,240,0.3138439507322398
DENMIN,loss:focal,INCT4,6,1.0
DENMIN,loss:focal,INCT41,0,
DENMIN,logistic+R18=64,INCT17,1756,0.9027244177982094
DENMIN,logistic+R18=64,INCT20955,240,0.2927351228211335
DENMIN,logistic+R18=64,INCT4,6,0.8263888888888888
DENMIN,logistic+R18=64,INCT41,0,
DENMIN,lda_shrunk,INCT17,1756,0.9643438500432276
DENMIN,lda_shrunk,INCT20955,240,0.1408399334520741
DENMIN,lda_shrunk,INCT4,6,1.0
DENMIN,lda_shrunk,INCT41,0,
PITAZU,logistic,INCT17,1445,0.8014112031728512
PITAZU,logistic,INCT20955,0,
PITAZU,logistic,INCT4,0,
PITAZU,logistic,INCT41,30,0.295204122832406
PITAZU,prototype,INCT17,1445,0.64030655002478
PITAZU,prototype,INCT20955,0,
PITAZU,prototype,INCT4,0,
PITAZU,prototype,INCT41,30,0.2578381178231443
PITAZU,knn:k=5,INCT17,1445,0.6245773574793454
PITAZU,knn:k=5,INCT20955,0,
PITAZU,knn:k=5,INCT4,0,
PITAZU,knn:k=5,INCT41,30,0.1497297788853993
PITAZU,logistic+R19,INCT17,1445,0.8259934114935867
PITAZU,logistic+R19,INCT20955,0,
PITAZU,logistic+R19,INCT4,0,
PITAZU,logistic+R19,INCT41,30,0.3142884701515208
PITAZU,logistic+R20,INCT17,1445,0.8216585776800516
PITAZU,logistic+R20,INCT20955,0,
PITAZU,logistic+R20,INCT4,0,
PITAZU,logistic+R20,INCT41,30,0.3774140840641197
PITAZU,logistic+R21,INCT17,1445,0.7826684294265106
PITAZU,logistic+R21,INCT20955,0,
PITAZU,logistic+R21,INCT4,0,
PITAZU,logistic+R21,INCT41,30,0.2365506058250777
PITAZU,dann,INCT17,1445,0.7539107673764798
PITAZU,dann,INCT20955,0,
PITAZU,dann,INCT4,0,
PITAZU,dann,INCT41,30,0.0870587414496781
PITAZU,logistic+R37,INCT17,1445,0.8215081444904547
PITAZU,logistic+R37,INCT20955,0,
PITAZU,logistic+R37,INCT4,0,
PITAZU,logistic+R37,INCT41,30,0.3210400142162254
PITAZU,logistic+R37=glmm,INCT17,1445,0.8215081444904547
PITAZU,logistic+R37=glmm,INCT20955,0,
PITAZU,logistic+R37=glmm,INCT4,0,
PITAZU,logistic+R37=glmm,INCT41,30,0.3210400142162254
PITAZU,logistic+R19+R37,INCT17,1445,0.8261719019488353
PITAZU,logistic+R19+R37,INCT20955,0,
PITAZU,logistic+R19+R37,INCT4,0,
PITAZU,logistic+R19+R37,INCT41,30,0.322738349252954
PITAZU,logistic+R13,INCT17,1445,0.7604061698622764
PITAZU,logistic+R13,INCT20955,0,
PITAZU,logistic+R13,INCT4,0,
PITAZU,logistic+R13,INCT41,30,0.1188424889508673
PITAZU,loss:focal,INCT17,1445,0.8020257103206674
PITAZU,loss:focal,INCT20955,0,
PITAZU,loss:focal,INCT4,0,
PITAZU,loss:focal,INCT41,30,0.2418871679634079
PITAZU,logistic+R18=64,INCT17,1445,0.7499590775007686
PITAZU,logistic+R18=64,INCT20955,0,
PITAZU,logistic+R18=64,INCT4,0,
PITAZU,logistic+R18=64,INCT41,30,0.3804576091981103
PITAZU,lda_shrunk,INCT17,1445,0.8221198542334324
PITAZU,lda_shrunk,INCT20955,0,
PITAZU,lda_shrunk,INCT4,0,
PITAZU,lda_shrunk,INCT41,30,0.0639312700105136
PHYCUV,logistic,INCT17,99,0.826984006111425
PHYCUV,logistic,INCT20955,383,0.682465487368252
PHYCUV,logistic,INCT4,0,
PHYCUV,logistic,INCT41,502,0.9376269878814067
PHYCUV,prototype,INCT17,99,0.46334889971531
PHYCUV,prototype,INCT20955,383,0.4417827174360199
PHYCUV,prototype,INCT4,0,
PHYCUV,prototype,INCT41,502,0.4955855636496961
PHYCUV,knn:k=5,INCT17,99,0.5252116531066052
PHYCUV,knn:k=5,INCT20955,383,0.3466006852419949
PHYCUV,knn:k=5,INCT4,0,
PHYCUV,knn:k=5,INCT41,502,0.3739609352127124
PHYCUV,logistic+R19,INCT17,99,0.8262835868051371
PHYCUV,logistic+R19,INCT20955,383,0.6851693176006064
PHYCUV,logistic+R19,INCT4,0,
PHYCUV,logistic+R19,INCT41,502,0.9365980473360516
PHYCUV,logistic+R20,INCT17,99,0.8524843523524582
PHYCUV,logistic+R20,INCT20955,383,0.6426213939696406
PHYCUV,logistic+R20,INCT4,0,
PHYCUV,logistic+R20,INCT41,502,0.9331165294255082
PHYCUV,logistic+R21,INCT17,99,0.8268521668034511
PHYCUV,logistic+R21,INCT20955,383,0.6832030868832241
PHYCUV,logistic+R21,INCT4,0,
PHYCUV,logistic+R21,INCT41,502,0.9438456183450918
PHYCUV,dann,INCT17,99,0.73201432101705
PHYCUV,dann,INCT20955,383,0.5716130761330098
PHYCUV,dann,INCT4,0,
PHYCUV,dann,INCT41,502,0.8590213640484172
PHYCUV,logistic+R37,INCT17,99,0.8296806247045274
PHYCUV,logistic+R37,INCT20955,383,0.6713924558998908
PHYCUV,logistic+R37,INCT4,0,
PHYCUV,logistic+R37,INCT41,502,0.9365638857988252
PHYCUV,logistic+R37=glmm,INCT17,99,0.8287224723528361
PHYCUV,logistic+R37=glmm,INCT20955,383,0.677462803581872
PHYCUV,logistic+R37=glmm,INCT4,0,
PHYCUV,logistic+R37=glmm,INCT41,502,0.93712259874114
PHYCUV,logistic+R19+R37,INCT17,99,0.8282617546726678
PHYCUV,logistic+R19+R37,INCT20955,383,0.6764144577663759
PHYCUV,logistic+R19+R37,INCT4,0,
PHYCUV,logistic+R19+R37,INCT41,502,0.9357227387793164
PHYCUV,logistic+R13,INCT17,99,0.8261584875107424
PHYCUV,logistic+R13,INCT20955,383,0.6678663451422576
PHYCUV,logistic+R13,INCT4,0,
PHYCUV,logistic+R13,INCT41,502,0.9291965691715026
PHYCUV,loss:focal,INCT17,99,0.8088889649061562
PHYCUV,loss:focal,INCT20955,383,0.689985297746077
PHYCUV,loss:focal,INCT4,0,
PHYCUV,loss:focal,INCT41,502,0.9330414958661444
PHYCUV,logistic+R18=64,INCT17,99,0.8495019454738814
PHYCUV,logistic+R18=64,INCT20955,383,0.5705744723909544
PHYCUV,logistic+R18=64,INCT4,0,
PHYCUV,logistic+R18=64,INCT41,502,0.9158238781991448
PHYCUV,lda_shrunk,INCT17,99,0.6795597363106031
PHYCUV,lda_shrunk,INCT20955,383,0.7423057645145119
PHYCUV,lda_shrunk,INCT4,0,
PHYCUV,lda_shrunk,INCT41,502,0.952994918439946
LEPLAT,logistic,INCT17,0,
LEPLAT,logistic,INCT20955,1473,0.7599330381506054
LEPLAT,logistic,INCT4,82,0.8092442046612391
LEPLAT,logistic,INCT41,0,
LEPLAT,prototype,INCT17,0,
LEPLAT,prototype,INCT20955,1473,0.801811217510049
LEPLAT,prototype,INCT4,82,0.7882963207669291
LEPLAT,prototype,INCT41,0,
LEPLAT,knn:k=5,INCT17,0,
LEPLAT,knn:k=5,INCT20955,1473,0.6891683997551852
LEPLAT,knn:k=5,INCT4,82,0.3525946006720376
LEPLAT,knn:k=5,INCT41,0,
LEPLAT,logistic+R19,INCT17,0,
LEPLAT,logistic+R19,INCT20955,1473,0.7662362010632535
LEPLAT,logistic+R19,INCT4,82,0.8090916003021519
LEPLAT,logistic+R19,INCT41,0,
LEPLAT,logistic+R20,INCT17,0,
LEPLAT,logistic+R20,INCT20955,1473,0.773307406692733
LEPLAT,logistic+R20,INCT4,82,0.8146114208939949
LEPLAT,logistic+R20,INCT41,0,
LEPLAT,logistic+R21,INCT17,0,
LEPLAT,logistic+R21,INCT20955,1473,0.7351401261395337
LEPLAT,logistic+R21,INCT4,82,0.8191385721551768
LEPLAT,logistic+R21,INCT41,0,
LEPLAT,dann,INCT17,0,
LEPLAT,dann,INCT20955,1473,0.6276444576501288
LEPLAT,dann,INCT4,82,0.7119965681236928
LEPLAT,dann,INCT41,0,
LEPLAT,logistic+R37,INCT17,0,
LEPLAT,logistic+R37,INCT20955,1473,0.7646476479785979
LEPLAT,logistic+R37,INCT4,82,0.8126851502988295
LEPLAT,logistic+R37,INCT41,0,
LEPLAT,logistic+R37=glmm,INCT17,0,
LEPLAT,logistic+R37=glmm,INCT20955,1473,0.7606867276500654
LEPLAT,logistic+R37=glmm,INCT4,82,0.8098977182001422
LEPLAT,logistic+R37=glmm,INCT41,0,
LEPLAT,logistic+R19+R37,INCT17,0,
LEPLAT,logistic+R19+R37,INCT20955,1473,0.7648736469719222
LEPLAT,logistic+R19+R37,INCT4,82,0.8124568727498931
LEPLAT,logistic+R19+R37,INCT41,0,
LEPLAT,logistic+R13,INCT17,0,
LEPLAT,logistic+R13,INCT20955,1473,0.7192637306353611
LEPLAT,logistic+R13,INCT4,82,0.7779289813287324
LEPLAT,logistic+R13,INCT41,0,
LEPLAT,loss:focal,INCT17,0,
LEPLAT,loss:focal,INCT20955,1473,0.7535852337075447
LEPLAT,loss:focal,INCT4,82,0.8068663670313525
LEPLAT,loss:focal,INCT41,0,
LEPLAT,logistic+R18=64,INCT17,0,
LEPLAT,logistic+R18=64,INCT20955,1473,0.7464407504029208
LEPLAT,logistic+R18=64,INCT4,82,0.793218146020346
LEPLAT,logistic+R18=64,INCT41,0,
LEPLAT,lda_shrunk,INCT17,0,
LEPLAT,lda_shrunk,INCT20955,1473,0.6078363375987986
LEPLAT,lda_shrunk,INCT4,82,0.5822281650401183
LEPLAT,lda_shrunk,INCT41,0,
BOAFAB,logistic,INCT17,0,
BOAFAB,logistic,INCT20955,1078,0.9794481099618706
BOAFAB,logistic,INCT4,780,0.9778596565317548
BOAFAB,logistic,INCT41,0,
BOAFAB,prototype,INCT17,0,
BOAFAB,prototype,INCT20955,1078,0.977301900412431
BOAFAB,prototype,INCT4,780,0.9654988679640334
BOAFAB,prototype,INCT41,0,
BOAFAB,knn:k=5,INCT17,0,
BOAFAB,knn:k=5,INCT20955,1078,0.9610155959444092
BOAFAB,knn:k=5,INCT4,780,0.9330286020653772
BOAFAB,knn:k=5,INCT41,0,
BOAFAB,logistic+R19,INCT17,0,
BOAFAB,logistic+R19,INCT20955,1078,0.9796616155786876
BOAFAB,logistic+R19,INCT4,780,0.9774345381138756
BOAFAB,logistic+R19,INCT41,0,
BOAFAB,logistic+R20,INCT17,0,
BOAFAB,logistic+R20,INCT20955,1078,0.9814497959330176
BOAFAB,logistic+R20,INCT4,780,0.9777053076499486
BOAFAB,logistic+R20,INCT41,0,
BOAFAB,logistic+R21,INCT17,0,
BOAFAB,logistic+R21,INCT20955,1078,0.9790656049331184
BOAFAB,logistic+R21,INCT4,780,0.9781105784216836
BOAFAB,logistic+R21,INCT41,0,
BOAFAB,dann,INCT17,0,
BOAFAB,dann,INCT20955,1078,0.9738059346673889
BOAFAB,dann,INCT4,780,0.9645062645676552
BOAFAB,dann,INCT41,0,
BOAFAB,logistic+R37,INCT17,0,
BOAFAB,logistic+R37,INCT20955,1078,0.9793516853199212
BOAFAB,logistic+R37,INCT4,780,0.9778826896187682
BOAFAB,logistic+R37,INCT41,0,
BOAFAB,logistic+R37=glmm,INCT17,0,
BOAFAB,logistic+R37=glmm,INCT20955,1078,0.9794403429411388
BOAFAB,logistic+R37=glmm,INCT4,780,0.9778663160780756
BOAFAB,logistic+R37=glmm,INCT41,0,
BOAFAB,logistic+R19+R37,INCT17,0,
BOAFAB,logistic+R19+R37,INCT20955,1078,0.9793591411867286
BOAFAB,logistic+R19+R37,INCT4,780,0.977822032928044
BOAFAB,logistic+R19+R37,INCT41,0,
BOAFAB,logistic+R13,INCT17,0,
BOAFAB,logistic+R13,INCT20955,1078,0.97772372437683
BOAFAB,logistic+R13,INCT4,780,0.9772893540036814
BOAFAB,logistic+R13,INCT41,0,
BOAFAB,loss:focal,INCT17,0,
BOAFAB,loss:focal,INCT20955,1078,0.9792503566488454
BOAFAB,loss:focal,INCT4,780,0.9773987138442044
BOAFAB,loss:focal,INCT41,0,
BOAFAB,logistic+R18=64,INCT17,0,
BOAFAB,logistic+R18=64,INCT20955,1078,0.9801924278250106
BOAFAB,logistic+R18=64,INCT4,780,0.9764979656707484
BOAFAB,logistic+R18=64,INCT41,0,
BOAFAB,lda_shrunk,INCT17,0,
BOAFAB,lda_shrunk,INCT20955,1078,0.9714276590760916
BOAFAB,lda_shrunk,INCT4,780,0.9624097288598948
BOAFAB,lda_shrunk,INCT41,0,
